{
  "bytes": 1227542024,
  "datahub": {
    "created": "2020-03-22T16:03:58.514457",
    "findability": "published",
    "flowid": "core/covid-19/937",
    "modified": "2021-09-29T06:20:50.642350",
    "owner": "core",
    "ownerid": "core"
  },
  "hash": "0abf3325f1b02a98bd465f120c3e2f16",
  "id": "core/covid-19",
  "licenses": [
    {
      "name": "ODC-PDDL",
      "path": "http://opendatacommons.org/licenses/pddl/",
      "title": "Open Data Commons Public Domain Dedication and License"
    }
  ],
  "name": "covid-19",
  "resources": [
    {
      "bytes": 4105848,
      "datahub": {
        "type": "original"
      },
      "dialect": {
        "delimiter": ",",
        "quoteChar": "\""
      },
      "dpp:streamedFrom": "https://s3.amazonaws.com/rawstore.datahub.io/fe69e2b0a55673651f70e6c3a123ebee.csv",
      "encoding": "ISO-8859-1",
      "format": "csv",
      "mediatype": "text/csv",
      "name": "countries-aggregated_original",
      "path": "archive/countries-aggregated.csv",
      "pathType": "local",
      "profile": "data-resource",
      "schema": {
        "fields": [
          {
            "format": "%Y-%m-%d",
            "name": "Date",
            "type": "date"
          },
          {
            "format": "default",
            "name": "Country",
            "type": "string"
          },
          {
            "format": "default",
            "name": "Confirmed",
            "type": "integer"
          },
          {
            "format": "default",
            "name": "Recovered",
            "type": "integer"
          },
          {
            "format": "default",
            "name": "Deaths",
            "type": "integer"
          }
        ],
        "missingValues": [
          ""
        ]
      }
    },
    {
      "bytes": 42001,
      "datahub": {
        "type": "original"
      },
      "dialect": {
        "delimiter": ",",
        "quoteChar": "\""
      },
      "dpp:streamedFrom": "https://s3.amazonaws.com/rawstore.datahub.io/b56258012f4ef5c73551f5250231dc1b.csv",
      "encoding": "ISO-8859-1",
      "format": "csv",
      "mediatype": "text/csv",
      "name": "key-countries-pivoted_original",
      "path": "archive/key-countries-pivoted.csv",
      "pathType": "local",
      "profile": "data-resource",
      "schema": {
        "fields": [
          {
            "format": "%Y-%m-%d",
            "name": "Date",
            "type": "date"
          },
          {
            "format": "default",
            "name": "China",
            "type": "integer"
          },
          {
            "format": "default",
            "name": "US",
            "type": "integer"
          },
          {
            "format": "default",
            "name": "United_Kingdom",
            "type": "integer"
          },
          {
            "format": "default",
            "name": "Italy",
            "type": "integer"
          },
          {
            "format": "default",
            "name": "France",
            "type": "integer"
          },
          {
            "format": "default",
            "name": "Germany",
            "type": "integer"
          },
          {
            "format": "default",
            "name": "Spain",
            "type": "integer"
          },
          {
            "format": "default",
            "name": "Iran",
            "type": "integer"
          }
        ],
        "missingValues": [
          ""
        ]
      }
    },
    {
      "bytes": 408079,
      "datahub": {
        "type": "original"
      },
      "dialect": {
        "delimiter": ",",
        "quoteChar": "\""
      },
      "dpp:streamedFrom": "https://s3.amazonaws.com/rawstore.datahub.io/f5ab0775706a35fe14a7f37e7c7c4bef.csv",
      "encoding": "ISO-8859-1",
      "format": "csv",
      "mediatype": "text/csv",
      "name": "reference_original",
      "path": "archive/reference.csv",
      "pathType": "local",
      "profile": "data-resource",
      "schema": {
        "fields": [
          {
            "format": "default",
            "name": "UID",
            "type": "integer"
          },
          {
            "format": "default",
            "name": "iso2",
            "type": "string"
          },
          {
            "format": "default",
            "name": "iso3",
            "type": "string"
          },
          {
            "format": "default",
            "name": "code3",
            "type": "integer"
          },
          {
            "format": "default",
            "name": "FIPS",
            "type": "string"
          },
          {
            "format": "default",
            "name": "Admin2",
            "type": "string"
          },
          {
            "format": "default",
            "name": "Province_State",
            "type": "string"
          },
          {
            "format": "default",
            "name": "Country_Region",
            "type": "string"
          },
          {
            "format": "default",
            "name": "Lat",
            "type": "number"
          },
          {
            "format": "default",
            "name": "Long_",
            "type": "number"
          },
          {
            "format": "default",
            "name": "Combined_Key",
            "type": "string"
          },
          {
            "format": "default",
            "name": "Population",
            "type": "integer"
          }
        ],
        "missingValues": [
          ""
        ]
      }
    },
    {
      "bytes": 6358451,
      "datahub": {
        "type": "original"
      },
      "dialect": {
        "delimiter": ",",
        "quoteChar": "\""
      },
      "dpp:streamedFrom": "https://s3.amazonaws.com/rawstore.datahub.io/8f21a749a163346ec895ab53e7726c76.csv",
      "encoding": "ISO-8859-1",
      "format": "csv",
      "mediatype": "text/csv",
      "name": "time-series-19-covid-combined_original",
      "path": "archive/time-series-19-covid-combined.csv",
      "pathType": "local",
      "profile": "data-resource",
      "schema": {
        "fields": [
          {
            "format": "%Y-%m-%d",
            "name": "Date",
            "type": "date"
          },
          {
            "format": "default",
            "name": "Country/Region",
            "type": "string"
          },
          {
            "format": "default",
            "name": "Province/State",
            "type": "string"
          },
          {
            "format": "default",
            "name": "Confirmed",
            "type": "integer"
          },
          {
            "format": "default",
            "name": "Recovered",
            "type": "integer"
          },
          {
            "format": "default",
            "name": "Deaths",
            "type": "integer"
          }
        ],
        "missingValues": [
          ""
        ]
      }
    },
    {
      "bytes": 72620680,
      "datahub": {
        "type": "original"
      },
      "dialect": {
        "delimiter": ",",
        "quoteChar": "\""
      },
      "dpp:streamedFrom": "https://s3.amazonaws.com/rawstore.datahub.io/27963aca486ac80ceeb0256aa1084df5.csv",
      "encoding": "ISO-8859-9",
      "format": "csv",
      "mediatype": "text/csv",
      "name": "us_confirmed_original",
      "path": "archive/us_confirmed.csv",
      "pathType": "local",
      "profile": "data-resource",
      "schema": {
        "fields": [
          {
            "format": "default",
            "name": "Admin2",
            "type": "string"
          },
          {
            "format": "%Y-%m-%d",
            "name": "Date",
            "type": "date"
          },
          {
            "format": "default",
            "name": "Case",
            "type": "integer"
          },
          {
            "format": "default",
            "name": "Country/Region",
            "type": "string"
          },
          {
            "format": "default",
            "name": "Province/State",
            "type": "string"
          }
        ],
        "missingValues": [
          ""
        ]
      }
    },
    {
      "bytes": 69884987,
      "datahub": {
        "type": "original"
      },
      "dialect": {
        "delimiter": ",",
        "quoteChar": "\""
      },
      "dpp:streamedFrom": "https://s3.amazonaws.com/rawstore.datahub.io/ba20ff7d1ea4d4136e83c458587e49a2.csv",
      "encoding": "ISO-8859-9",
      "format": "csv",
      "mediatype": "text/csv",
      "name": "us_deaths_original",
      "path": "archive/us_deaths.csv",
      "pathType": "local",
      "profile": "data-resource",
      "schema": {
        "fields": [
          {
            "format": "default",
            "name": "Admin2",
            "type": "string"
          },
          {
            "format": "%Y-%m-%d",
            "name": "Date",
            "type": "date"
          },
          {
            "format": "default",
            "name": "Case",
            "type": "integer"
          },
          {
            "format": "default",
            "name": "Country/Region",
            "type": "string"
          },
          {
            "format": "default",
            "name": "Province/State",
            "type": "string"
          }
        ],
        "missingValues": [
          ""
        ]
      }
    },
    {
      "bytes": 78131737,
      "datahub": {
        "type": "original"
      },
      "dialect": {
        "delimiter": ",",
        "quoteChar": "\""
      },
      "dpp:streamedFrom": "https://s3.amazonaws.com/rawstore.datahub.io/fadcd236e0b7cbbf4424ee479a1dfb30.csv",
      "encoding": "ISO-8859-9",
      "format": "csv",
      "mediatype": "text/csv",
      "name": "us_simplified_original",
      "path": "archive/us_simplified.csv",
      "pathType": "local",
      "profile": "data-resource",
      "schema": {
        "fields": [
          {
            "format": "%Y-%m-%d",
            "name": "Date",
            "type": "date"
          },
          {
            "format": "default",
            "name": "Admin2",
            "type": "string"
          },
          {
            "format": "default",
            "name": "Province/State",
            "type": "string"
          },
          {
            "format": "default",
            "name": "Confirmed",
            "type": "integer"
          },
          {
            "format": "default",
            "name": "Deaths",
            "type": "integer"
          },
          {
            "format": "default",
            "name": "Country/Region",
            "type": "string"
          }
        ],
        "missingValues": [
          ""
        ]
      }
    },
    {
      "bytes": 33321,
      "datahub": {
        "type": "original"
      },
      "dialect": {
        "delimiter": ",",
        "quoteChar": "\""
      },
      "dpp:streamedFrom": "https://s3.amazonaws.com/rawstore.datahub.io/5fb254fdf51a134fd5e1ef9283b6073b.csv",
      "encoding": "ISO-8859-2",
      "format": "csv",
      "mediatype": "text/csv",
      "name": "worldwide-aggregate_original",
      "path": "archive/worldwide-aggregate.csv",
      "pathType": "local",
      "profile": "data-resource",
      "schema": {
        "fields": [
          {
            "format": "%Y-%m-%d",
            "name": "Date",
            "type": "date"
          },
          {
            "format": "default",
            "name": "Confirmed",
            "type": "integer"
          },
          {
            "format": "default",
            "name": "Recovered",
            "type": "integer"
          },
          {
            "format": "default",
            "name": "Deaths",
            "type": "integer"
          },
          {
            "format": "default",
            "name": "Increase rate",
            "type": "number"
          }
        ],
        "missingValues": [
          ""
        ]
      }
    },
    {
      "bytes": 4821,
      "datahub": {
        "type": "derived/report"
      },
      "description": "Validation report for tabular data",
      "dpp:streamedFrom": "/tmp/tmpfy6fvq1o/core/covid-19/validation_report/data/8e8b945cae2c4c2639f0f0cb20b219e9/validation_report.json",
      "format": "json",
      "hash": "8e8b945cae2c4c2639f0f0cb20b219e9",
      "name": "validation_report",
      "path": "data/validation_report.json",
      "profile": "data-resource"
    },
    {
      "bytes": 4225774,
      "datahub": {
        "derivedFrom": [
          "countries-aggregated"
        ],
        "type": "derived/csv"
      },
      "delimiter": ",",
      "dialect": {
        "delimiter": ",",
        "doubleQuote": true,
        "lineTerminator": "\r\n",
        "quoteChar": "\"",
        "skipInitialSpace": false
      },
      "dpp:streamedFrom": "/tmp/tmpfy6fvq1o/core/covid-19/countries-aggregated_csv/data/fe69e2b0a55673651f70e6c3a123ebee/countries-aggregated_csv.csv",
      "encoding": "utf-8",
      "format": "csv",
      "hash": "fe69e2b0a55673651f70e6c3a123ebee",
      "mediatype": "text/csv",
      "name": "countries-aggregated_csv",
      "path": "data/countries-aggregated_csv.csv",
      "pathType": "local",
      "profile": "data-resource",
      "quotechar": "\"",
      "rowcount": 119925,
      "schema": {
        "fields": [
          {
            "format": "%Y-%m-%d",
            "name": "Date",
            "type": "date"
          },
          {
            "format": "default",
            "name": "Country",
            "type": "string"
          },
          {
            "format": "default",
            "name": "Confirmed",
            "type": "integer"
          },
          {
            "format": "default",
            "name": "Recovered",
            "type": "integer"
          },
          {
            "format": "default",
            "name": "Deaths",
            "type": "integer"
          }
        ],
        "missingValues": [
          ""
        ]
      },
      "signed": true
    },
    {
      "bytes": 42617,
      "datahub": {
        "derivedFrom": [
          "key-countries-pivoted"
        ],
        "type": "derived/csv"
      },
      "delimiter": ",",
      "dialect": {
        "delimiter": ",",
        "doubleQuote": true,
        "lineTerminator": "\r\n",
        "quoteChar": "\"",
        "skipInitialSpace": false
      },
      "dpp:streamedFrom": "/tmp/tmpfy6fvq1o/core/covid-19/key-countries-pivoted_csv/data/b56258012f4ef5c73551f5250231dc1b/key-countries-pivoted_csv.csv",
      "encoding": "utf-8",
      "format": "csv",
      "hash": "b56258012f4ef5c73551f5250231dc1b",
      "mediatype": "text/csv",
      "name": "key-countries-pivoted_csv",
      "path": "data/key-countries-pivoted_csv.csv",
      "pathType": "local",
      "profile": "data-resource",
      "quotechar": "\"",
      "rowcount": 615,
      "schema": {
        "fields": [
          {
            "format": "%Y-%m-%d",
            "name": "Date",
            "type": "date"
          },
          {
            "format": "default",
            "name": "China",
            "type": "integer"
          },
          {
            "format": "default",
            "name": "US",
            "type": "integer"
          },
          {
            "format": "default",
            "name": "United_Kingdom",
            "type": "integer"
          },
          {
            "format": "default",
            "name": "Italy",
            "type": "integer"
          },
          {
            "format": "default",
            "name": "France",
            "type": "integer"
          },
          {
            "format": "default",
            "name": "Germany",
            "type": "integer"
          },
          {
            "format": "default",
            "name": "Spain",
            "type": "integer"
          },
          {
            "format": "default",
            "name": "Iran",
            "type": "integer"
          }
        ],
        "missingValues": [
          ""
        ]
      },
      "signed": true
    },
    {
      "bytes": 408079,
      "datahub": {
        "derivedFrom": [
          "reference"
        ],
        "type": "derived/csv"
      },
      "delimiter": ",",
      "dialect": {
        "delimiter": ",",
        "doubleQuote": true,
        "lineTerminator": "\r\n",
        "quoteChar": "\"",
        "skipInitialSpace": false
      },
      "dpp:streamedFrom": "/tmp/tmpfy6fvq1o/core/covid-19/reference_csv/data/8a6a9b60ea62075c6fac20ae948a218f/reference_csv.csv",
      "encoding": "utf-8",
      "format": "csv",
      "hash": "8a6a9b60ea62075c6fac20ae948a218f",
      "mediatype": "text/csv",
      "name": "reference_csv",
      "path": "data/reference_csv.csv",
      "pathType": "local",
      "profile": "data-resource",
      "quotechar": "\"",
      "rowcount": 4213,
      "schema": {
        "fields": [
          {
            "format": "default",
            "name": "UID",
            "type": "integer"
          },
          {
            "format": "default",
            "name": "iso2",
            "type": "string"
          },
          {
            "format": "default",
            "name": "iso3",
            "type": "string"
          },
          {
            "format": "default",
            "name": "code3",
            "type": "integer"
          },
          {
            "format": "default",
            "name": "FIPS",
            "type": "string"
          },
          {
            "format": "default",
            "name": "Admin2",
            "type": "string"
          },
          {
            "format": "default",
            "name": "Province_State",
            "type": "string"
          },
          {
            "format": "default",
            "name": "Country_Region",
            "type": "string"
          },
          {
            "decimalChar": ".",
            "format": "default",
            "groupChar": "",
            "name": "Lat",
            "type": "number"
          },
          {
            "decimalChar": ".",
            "format": "default",
            "groupChar": "",
            "name": "Long_",
            "type": "number"
          },
          {
            "format": "default",
            "name": "Combined_Key",
            "type": "string"
          },
          {
            "format": "default",
            "name": "Population",
            "type": "integer"
          }
        ],
        "missingValues": [
          ""
        ]
      },
      "signed": true
    },
    {
      "bytes": 6530037,
      "datahub": {
        "derivedFrom": [
          "time-series-19-covid-combined"
        ],
        "type": "derived/csv"
      },
      "delimiter": ",",
      "dialect": {
        "delimiter": ",",
        "doubleQuote": true,
        "lineTerminator": "\r\n",
        "quoteChar": "\"",
        "skipInitialSpace": false
      },
      "dpp:streamedFrom": "/tmp/tmpfy6fvq1o/core/covid-19/time-series-19-covid-combined_csv/data/8f21a749a163346ec895ab53e7726c76/time-series-19-covid-combined_csv.csv",
      "encoding": "utf-8",
      "format": "csv",
      "hash": "8f21a749a163346ec895ab53e7726c76",
      "mediatype": "text/csv",
      "name": "time-series-19-covid-combined_csv",
      "path": "data/time-series-19-covid-combined_csv.csv",
      "pathType": "local",
      "profile": "data-resource",
      "quotechar": "\"",
      "rowcount": 171585,
      "schema": {
        "fields": [
          {
            "format": "%Y-%m-%d",
            "name": "Date",
            "type": "date"
          },
          {
            "format": "default",
            "name": "Country/Region",
            "type": "string"
          },
          {
            "format": "default",
            "name": "Province/State",
            "type": "string"
          },
          {
            "format": "default",
            "name": "Confirmed",
            "type": "integer"
          },
          {
            "format": "default",
            "name": "Recovered",
            "type": "integer"
          },
          {
            "format": "default",
            "name": "Deaths",
            "type": "integer"
          }
        ],
        "missingValues": [
          ""
        ]
      },
      "signed": true
    },
    {
      "bytes": 74676011,
      "datahub": {
        "derivedFrom": [
          "us_confirmed"
        ],
        "type": "derived/csv"
      },
      "delimiter": ",",
      "dialect": {
        "delimiter": ",",
        "doubleQuote": true,
        "lineTerminator": "\r\n",
        "quoteChar": "\"",
        "skipInitialSpace": false
      },
      "dpp:streamedFrom": "/tmp/tmpfy6fvq1o/core/covid-19/us_confirmed_csv/data/27963aca486ac80ceeb0256aa1084df5/us_confirmed_csv.csv",
      "encoding": "utf-8",
      "format": "csv",
      "hash": "27963aca486ac80ceeb0256aa1084df5",
      "mediatype": "text/csv",
      "name": "us_confirmed_csv",
      "path": "data/us_confirmed_csv.csv",
      "pathType": "local",
      "profile": "data-resource",
      "quotechar": "\"",
      "rowcount": 2055330,
      "schema": {
        "fields": [
          {
            "format": "default",
            "name": "Admin2",
            "type": "string"
          },
          {
            "format": "%Y-%m-%d",
            "name": "Date",
            "type": "date"
          },
          {
            "format": "default",
            "name": "Case",
            "type": "integer"
          },
          {
            "format": "default",
            "name": "Country/Region",
            "type": "string"
          },
          {
            "format": "default",
            "name": "Province/State",
            "type": "string"
          }
        ],
        "missingValues": [
          ""
        ]
      },
      "signed": true
    },
    {
      "bytes": 71940318,
      "datahub": {
        "derivedFrom": [
          "us_deaths"
        ],
        "type": "derived/csv"
      },
      "delimiter": ",",
      "dialect": {
        "delimiter": ",",
        "doubleQuote": true,
        "lineTerminator": "\r\n",
        "quoteChar": "\"",
        "skipInitialSpace": false
      },
      "dpp:streamedFrom": "/tmp/tmpfy6fvq1o/core/covid-19/us_deaths_csv/data/ba20ff7d1ea4d4136e83c458587e49a2/us_deaths_csv.csv",
      "encoding": "utf-8",
      "format": "csv",
      "hash": "ba20ff7d1ea4d4136e83c458587e49a2",
      "mediatype": "text/csv",
      "name": "us_deaths_csv",
      "path": "data/us_deaths_csv.csv",
      "pathType": "local",
      "profile": "data-resource",
      "quotechar": "\"",
      "rowcount": 2055330,
      "schema": {
        "fields": [
          {
            "format": "default",
            "name": "Admin2",
            "type": "string"
          },
          {
            "format": "%Y-%m-%d",
            "name": "Date",
            "type": "date"
          },
          {
            "format": "default",
            "name": "Case",
            "type": "integer"
          },
          {
            "format": "default",
            "name": "Country/Region",
            "type": "string"
          },
          {
            "format": "default",
            "name": "Province/State",
            "type": "string"
          }
        ],
        "missingValues": [
          ""
        ]
      },
      "signed": true
    },
    {
      "bytes": 80187068,
      "datahub": {
        "derivedFrom": [
          "us_simplified"
        ],
        "type": "derived/csv"
      },
      "delimiter": ",",
      "dialect": {
        "delimiter": ",",
        "doubleQuote": true,
        "lineTerminator": "\r\n",
        "quoteChar": "\"",
        "skipInitialSpace": false
      },
      "dpp:streamedFrom": "/tmp/tmpfy6fvq1o/core/covid-19/us_simplified_csv/data/fadcd236e0b7cbbf4424ee479a1dfb30/us_simplified_csv.csv",
      "encoding": "utf-8",
      "format": "csv",
      "hash": "fadcd236e0b7cbbf4424ee479a1dfb30",
      "mediatype": "text/csv",
      "name": "us_simplified_csv",
      "path": "data/us_simplified_csv.csv",
      "pathType": "local",
      "profile": "data-resource",
      "quotechar": "\"",
      "rowcount": 2055330,
      "schema": {
        "fields": [
          {
            "format": "%Y-%m-%d",
            "name": "Date",
            "type": "date"
          },
          {
            "format": "default",
            "name": "Admin2",
            "type": "string"
          },
          {
            "format": "default",
            "name": "Province/State",
            "type": "string"
          },
          {
            "format": "default",
            "name": "Confirmed",
            "type": "integer"
          },
          {
            "format": "default",
            "name": "Deaths",
            "type": "integer"
          },
          {
            "format": "default",
            "name": "Country/Region",
            "type": "string"
          }
        ],
        "missingValues": [
          ""
        ]
      },
      "signed": true
    },
    {
      "bytes": 33937,
      "datahub": {
        "derivedFrom": [
          "worldwide-aggregate"
        ],
        "type": "derived/csv"
      },
      "delimiter": ",",
      "dialect": {
        "delimiter": ",",
        "doubleQuote": true,
        "lineTerminator": "\r\n",
        "quoteChar": "\"",
        "skipInitialSpace": false
      },
      "dpp:streamedFrom": "/tmp/tmpfy6fvq1o/core/covid-19/worldwide-aggregate_csv/data/5fb254fdf51a134fd5e1ef9283b6073b/worldwide-aggregate_csv.csv",
      "encoding": "utf-8",
      "format": "csv",
      "hash": "5fb254fdf51a134fd5e1ef9283b6073b",
      "mediatype": "text/csv",
      "name": "worldwide-aggregate_csv",
      "path": "data/worldwide-aggregate_csv.csv",
      "pathType": "local",
      "profile": "data-resource",
      "quotechar": "\"",
      "rowcount": 615,
      "schema": {
        "fields": [
          {
            "format": "%Y-%m-%d",
            "name": "Date",
            "type": "date"
          },
          {
            "format": "default",
            "name": "Confirmed",
            "type": "integer"
          },
          {
            "format": "default",
            "name": "Recovered",
            "type": "integer"
          },
          {
            "format": "default",
            "name": "Deaths",
            "type": "integer"
          },
          {
            "decimalChar": ".",
            "format": "default",
            "groupChar": "",
            "name": "Increase rate",
            "type": "number"
          }
        ],
        "missingValues": [
          ""
        ]
      },
      "signed": true
    },
    {
      "bytes": 11899704,
      "datahub": {
        "derivedFrom": [
          "countries-aggregated"
        ],
        "type": "derived/json"
      },
      "delimiter": ",",
      "dialect": {
        "delimiter": ",",
        "quoteChar": "\""
      },
      "dpp:streamedFrom": "/tmp/tmpfy6fvq1o/core/covid-19/countries-aggregated_json/data/3ce2cc867d748edae08c91d89bae2e71/countries-aggregated_json.json",
      "encoding": "utf-8",
      "format": "json",
      "hash": "3ce2cc867d748edae08c91d89bae2e71",
      "mediatype": "text/csv",
      "name": "countries-aggregated_json",
      "path": "data/countries-aggregated_json.json",
      "pathType": "local",
      "profile": "data-resource",
      "quotechar": "\"",
      "rowcount": 119925,
      "schema": {
        "fields": [
          {
            "format": "%Y-%m-%d",
            "name": "Date",
            "type": "date"
          },
          {
            "format": "default",
            "name": "Country",
            "type": "string"
          },
          {
            "format": "default",
            "name": "Confirmed",
            "type": "integer"
          },
          {
            "format": "default",
            "name": "Recovered",
            "type": "integer"
          },
          {
            "format": "default",
            "name": "Deaths",
            "type": "integer"
          }
        ],
        "missingValues": [
          ""
        ]
      },
      "signed": true
    },
    {
      "bytes": 103441,
      "datahub": {
        "derivedFrom": [
          "key-countries-pivoted"
        ],
        "type": "derived/json"
      },
      "delimiter": ",",
      "dialect": {
        "delimiter": ",",
        "quoteChar": "\""
      },
      "dpp:streamedFrom": "/tmp/tmpfy6fvq1o/core/covid-19/key-countries-pivoted_json/data/d89a755e5f1ba59dcb30be59f092eceb/key-countries-pivoted_json.json",
      "encoding": "utf-8",
      "format": "json",
      "hash": "d89a755e5f1ba59dcb30be59f092eceb",
      "mediatype": "text/csv",
      "name": "key-countries-pivoted_json",
      "path": "data/key-countries-pivoted_json.json",
      "pathType": "local",
      "profile": "data-resource",
      "quotechar": "\"",
      "rowcount": 615,
      "schema": {
        "fields": [
          {
            "format": "%Y-%m-%d",
            "name": "Date",
            "type": "date"
          },
          {
            "format": "default",
            "name": "China",
            "type": "integer"
          },
          {
            "format": "default",
            "name": "US",
            "type": "integer"
          },
          {
            "format": "default",
            "name": "United_Kingdom",
            "type": "integer"
          },
          {
            "format": "default",
            "name": "Italy",
            "type": "integer"
          },
          {
            "format": "default",
            "name": "France",
            "type": "integer"
          },
          {
            "format": "default",
            "name": "Germany",
            "type": "integer"
          },
          {
            "format": "default",
            "name": "Spain",
            "type": "integer"
          },
          {
            "format": "default",
            "name": "Iran",
            "type": "integer"
          }
        ],
        "missingValues": [
          ""
        ]
      },
      "signed": true
    },
    {
      "bytes": 1071158,
      "datahub": {
        "derivedFrom": [
          "reference"
        ],
        "type": "derived/json"
      },
      "delimiter": ",",
      "dialect": {
        "delimiter": ",",
        "quoteChar": "\""
      },
      "dpp:streamedFrom": "/tmp/tmpfy6fvq1o/core/covid-19/reference_json/data/2229e6f5ab762dada09ffee09211e5fc/reference_json.json",
      "encoding": "utf-8",
      "format": "json",
      "hash": "2229e6f5ab762dada09ffee09211e5fc",
      "mediatype": "text/csv",
      "name": "reference_json",
      "path": "data/reference_json.json",
      "pathType": "local",
      "profile": "data-resource",
      "quotechar": "\"",
      "rowcount": 4213,
      "schema": {
        "fields": [
          {
            "format": "default",
            "name": "UID",
            "type": "integer"
          },
          {
            "format": "default",
            "name": "iso2",
            "type": "string"
          },
          {
            "format": "default",
            "name": "iso3",
            "type": "string"
          },
          {
            "format": "default",
            "name": "code3",
            "type": "integer"
          },
          {
            "format": "default",
            "name": "FIPS",
            "type": "string"
          },
          {
            "format": "default",
            "name": "Admin2",
            "type": "string"
          },
          {
            "format": "default",
            "name": "Province_State",
            "type": "string"
          },
          {
            "format": "default",
            "name": "Country_Region",
            "type": "string"
          },
          {
            "format": "default",
            "name": "Lat",
            "type": "number"
          },
          {
            "format": "default",
            "name": "Long_",
            "type": "number"
          },
          {
            "format": "default",
            "name": "Combined_Key",
            "type": "string"
          },
          {
            "format": "default",
            "name": "Population",
            "type": "integer"
          }
        ],
        "missingValues": [
          ""
        ]
      },
      "signed": true
    },
    {
      "bytes": 22587625,
      "datahub": {
        "derivedFrom": [
          "time-series-19-covid-combined"
        ],
        "type": "derived/json"
      },
      "delimiter": ",",
      "dialect": {
        "delimiter": ",",
        "quoteChar": "\""
      },
      "dpp:streamedFrom": "/tmp/tmpfy6fvq1o/core/covid-19/time-series-19-covid-combined_json/data/0df21d9ffdb65cdb71f368e050748917/time-series-19-covid-combined_json.json",
      "encoding": "utf-8",
      "format": "json",
      "hash": "0df21d9ffdb65cdb71f368e050748917",
      "mediatype": "text/csv",
      "name": "time-series-19-covid-combined_json",
      "path": "data/time-series-19-covid-combined_json.json",
      "pathType": "local",
      "profile": "data-resource",
      "quotechar": "\"",
      "rowcount": 171585,
      "schema": {
        "fields": [
          {
            "format": "%Y-%m-%d",
            "name": "Date",
            "type": "date"
          },
          {
            "format": "default",
            "name": "Country/Region",
            "type": "string"
          },
          {
            "format": "default",
            "name": "Province/State",
            "type": "string"
          },
          {
            "format": "default",
            "name": "Confirmed",
            "type": "integer"
          },
          {
            "format": "default",
            "name": "Recovered",
            "type": "integer"
          },
          {
            "format": "default",
            "name": "Deaths",
            "type": "integer"
          }
        ],
        "missingValues": [
          ""
        ]
      },
      "signed": true
    },
    {
      "bytes": 228833094,
      "datahub": {
        "derivedFrom": [
          "us_confirmed"
        ],
        "type": "derived/json"
      },
      "delimiter": ",",
      "dialect": {
        "delimiter": ",",
        "quoteChar": "\""
      },
      "dpp:streamedFrom": "/tmp/tmpfy6fvq1o/core/covid-19/us_confirmed_json/data/4b9cf017bd0ce188d089defa2d87ea31/us_confirmed_json.json",
      "encoding": "utf-8",
      "format": "json",
      "hash": "4b9cf017bd0ce188d089defa2d87ea31",
      "mediatype": "text/csv",
      "name": "us_confirmed_json",
      "path": "data/us_confirmed_json.json",
      "pathType": "local",
      "profile": "data-resource",
      "quotechar": "\"",
      "rowcount": 2055330,
      "schema": {
        "fields": [
          {
            "format": "default",
            "name": "Admin2",
            "type": "string"
          },
          {
            "format": "%Y-%m-%d",
            "name": "Date",
            "type": "date"
          },
          {
            "format": "default",
            "name": "Case",
            "type": "integer"
          },
          {
            "format": "default",
            "name": "Country/Region",
            "type": "string"
          },
          {
            "format": "default",
            "name": "Province/State",
            "type": "string"
          }
        ],
        "missingValues": [
          ""
        ]
      },
      "signed": true
    },
    {
      "bytes": 226097401,
      "datahub": {
        "derivedFrom": [
          "us_deaths"
        ],
        "type": "derived/json"
      },
      "delimiter": ",",
      "dialect": {
        "delimiter": ",",
        "quoteChar": "\""
      },
      "dpp:streamedFrom": "/tmp/tmpfy6fvq1o/core/covid-19/us_deaths_json/data/d3d6c913bcc4ea7129e32bfa6b06b8d8/us_deaths_json.json",
      "encoding": "utf-8",
      "format": "json",
      "hash": "d3d6c913bcc4ea7129e32bfa6b06b8d8",
      "mediatype": "text/csv",
      "name": "us_deaths_json",
      "path": "data/us_deaths_json.json",
      "pathType": "local",
      "profile": "data-resource",
      "quotechar": "\"",
      "rowcount": 2055330,
      "schema": {
        "fields": [
          {
            "format": "default",
            "name": "Admin2",
            "type": "string"
          },
          {
            "format": "%Y-%m-%d",
            "name": "Date",
            "type": "date"
          },
          {
            "format": "default",
            "name": "Case",
            "type": "integer"
          },
          {
            "format": "default",
            "name": "Country/Region",
            "type": "string"
          },
          {
            "format": "default",
            "name": "Province/State",
            "type": "string"
          }
        ],
        "missingValues": [
          ""
        ]
      },
      "signed": true
    },
    {
      "bytes": 267229419,
      "datahub": {
        "derivedFrom": [
          "us_simplified"
        ],
        "type": "derived/json"
      },
      "delimiter": ",",
      "dialect": {
        "delimiter": ",",
        "quoteChar": "\""
      },
      "dpp:streamedFrom": "/tmp/tmpfy6fvq1o/core/covid-19/us_simplified_json/data/31c59b800792b11bc1bab3b0a9ad7807/us_simplified_json.json",
      "encoding": "utf-8",
      "format": "json",
      "hash": "31c59b800792b11bc1bab3b0a9ad7807",
      "mediatype": "text/csv",
      "name": "us_simplified_json",
      "path": "data/us_simplified_json.json",
      "pathType": "local",
      "profile": "data-resource",
      "quotechar": "\"",
      "rowcount": 2055330,
      "schema": {
        "fields": [
          {
            "format": "%Y-%m-%d",
            "name": "Date",
            "type": "date"
          },
          {
            "format": "default",
            "name": "Admin2",
            "type": "string"
          },
          {
            "format": "default",
            "name": "Province/State",
            "type": "string"
          },
          {
            "format": "default",
            "name": "Confirmed",
            "type": "integer"
          },
          {
            "format": "default",
            "name": "Deaths",
            "type": "integer"
          },
          {
            "format": "default",
            "name": "Country/Region",
            "type": "string"
          }
        ],
        "missingValues": [
          ""
        ]
      },
      "signed": true
    },
    {
      "bytes": 75715,
      "datahub": {
        "derivedFrom": [
          "worldwide-aggregate"
        ],
        "type": "derived/json"
      },
      "delimiter": ",",
      "dialect": {
        "delimiter": ",",
        "quoteChar": "\""
      },
      "dpp:streamedFrom": "/tmp/tmpfy6fvq1o/core/covid-19/worldwide-aggregate_json/data/3d4a3b95a24a08350e3925c0439f20d2/worldwide-aggregate_json.json",
      "encoding": "utf-8",
      "format": "json",
      "hash": "3d4a3b95a24a08350e3925c0439f20d2",
      "mediatype": "text/csv",
      "name": "worldwide-aggregate_json",
      "path": "data/worldwide-aggregate_json.json",
      "pathType": "local",
      "profile": "data-resource",
      "quotechar": "\"",
      "rowcount": 615,
      "schema": {
        "fields": [
          {
            "format": "%Y-%m-%d",
            "name": "Date",
            "type": "date"
          },
          {
            "format": "default",
            "name": "Confirmed",
            "type": "integer"
          },
          {
            "format": "default",
            "name": "Recovered",
            "type": "integer"
          },
          {
            "format": "default",
            "name": "Deaths",
            "type": "integer"
          },
          {
            "format": "default",
            "name": "Increase rate",
            "type": "number"
          }
        ],
        "missingValues": [
          ""
        ]
      },
      "signed": true
    },
    {
      "bytes": 10701,
      "dpp:streamedFrom": "/tmp/tmpcl36csak/README.md",
      "format": "md",
      "name": "readme",
      "path": "README.md"
    }
  ],
  "title": "Novel Coronavirus 2019",
  "views": [
    {
      "resources": [
        "worldwide-aggregate"
      ],
      "spec": {
        "group": "Date",
        "series": [
          "Confirmed",
          "Deaths"
        ],
        "type": "line"
      },
      "specType": "simple",
      "title": "Total world to date"
    },
    {
      "resources": [
        "key-countries-pivoted"
      ],
      "spec": {
        "group": "Date",
        "series": [
          "China",
          "US",
          "United_Kingdom",
          "Italy",
          "France",
          "Germany",
          "Spain",
          "Iran"
        ],
        "type": "line"
      },
      "specType": "simple",
      "title": "Number of confirmed cases in key countries"
    },
    {
      "resources": [
        {
          "name": "worldwide-aggregate",
          "transform": [
            {
              "asFields": [
                "Mortality rate"
              ],
              "expressions": [
                "data['Deaths'] / data['Confirmed'] * 100 + '%'"
              ],
              "type": "formula"
            }
          ]
        }
      ],
      "spec": {
        "group": "Date",
        "series": [
          "Mortality rate"
        ],
        "type": "bar"
      },
      "specType": "simple",
      "title": "Mortality rate in percentage"
    },
    {
      "resources": [
        "worldwide-aggregate"
      ],
      "spec": {
        "group": "Date",
        "series": [
          "Increase rate"
        ],
        "type": "bar"
      },
      "specType": "simple",
      "title": "Increase rate from previous day in confirmed cases worldwide"
    }
  ]
}