[{"Confirmed": 557, "Date": "2020-01-22", "Deaths": 17, "Increase rate": null, "Recovered": 30},{"Confirmed": 655, "Date": "2020-01-23", "Deaths": 18, "Increase rate": 17.594254937163374, "Recovered": 32},{"Confirmed": 941, "Date": "2020-01-24", "Deaths": 26, "Increase rate": 43.66412213740458, "Recovered": 39},{"Confirmed": 1434, "Date": "2020-01-25", "Deaths": 42, "Increase rate": 52.39107332624867, "Recovered": 42},{"Confirmed": 2118, "Date": "2020-01-26", "Deaths": 56, "Increase rate": 47.69874476987448, "Recovered": 56},{"Confirmed": 2927, "Date": "2020-01-27", "Deaths": 82, "Increase rate": 38.196411709159584, "Recovered": 65},{"Confirmed": 5578, "Date": "2020-01-28", "Deaths": 131, "Increase rate": 90.57055005124701, "Recovered": 108},{"Confirmed": 6167, "Date": "2020-01-29", "Deaths": 133, "Increase rate": 10.559340265328075, "Recovered": 127},{"Confirmed": 8235, "Date": "2020-01-30", "Deaths": 171, "Increase rate": 33.533322523106854, "Recovered": 145},{"Confirmed": 9927, "Date": "2020-01-31", "Deaths": 213, "Increase rate": 20.546448087431692, "Recovered": 225},{"Confirmed": 12038, "Date": "2020-02-01", "Deaths": 259, "Increase rate": 21.2652362244384, "Recovered": 287},{"Confirmed": 16787, "Date": "2020-02-02", "Deaths": 362, "Increase rate": 39.45007476324971, "Recovered": 476},{"Confirmed": 19887, "Date": "2020-02-03", "Deaths": 426, "Increase rate": 18.466670637993683, "Recovered": 627},{"Confirmed": 23898, "Date": "2020-02-04", "Deaths": 492, "Increase rate": 20.16895459345301, "Recovered": 857},{"Confirmed": 27643, "Date": "2020-02-05", "Deaths": 564, "Increase rate": 15.670767428236672, "Recovered": 1130},{"Confirmed": 30805, "Date": "2020-02-06", "Deaths": 634, "Increase rate": 11.438700575190826, "Recovered": 1493},{"Confirmed": 34399, "Date": "2020-02-07", "Deaths": 719, "Increase rate": 11.666937185521832, "Recovered": 2016},{"Confirmed": 37130, "Date": "2020-02-08", "Deaths": 806, "Increase rate": 7.93918427861275, "Recovered": 2617},{"Confirmed": 40161, "Date": "2020-02-09", "Deaths": 906, "Increase rate": 8.163210342041475, "Recovered": 3247},{"Confirmed": 42769, "Date": "2020-02-10", "Deaths": 1013, "Increase rate": 6.493862204626379, "Recovered": 3949},{"Confirmed": 44811, "Date": "2020-02-11", "Deaths": 1113, "Increase rate": 4.774486193270827, "Recovered": 4684},{"Confirmed": 45229, "Date": "2020-02-12", "Deaths": 1118, "Increase rate": 0.9328066769320033, "Recovered": 5151},{"Confirmed": 60381, "Date": "2020-02-13", "Deaths": 1371, "Increase rate": 33.50063012668863, "Recovered": 6294},{"Confirmed": 66909, "Date": "2020-02-14", "Deaths": 1523, "Increase rate": 10.811347940577335, "Recovered": 8061},{"Confirmed": 69052, "Date": "2020-02-15", "Deaths": 1666, "Increase rate": 3.2028576125782777, "Recovered": 9397},{"Confirmed": 71235, "Date": "2020-02-16", "Deaths": 1770, "Increase rate": 3.161385622429473, "Recovered": 10867},{"Confirmed": 73270, "Date": "2020-02-17", "Deaths": 1868, "Increase rate": 2.8567417701972344, "Recovered": 12587},{"Confirmed": 75152, "Date": "2020-02-18", "Deaths": 2008, "Increase rate": 2.568581957144807, "Recovered": 14352},{"Confirmed": 75652, "Date": "2020-02-19", "Deaths": 2123, "Increase rate": 0.665318288269108, "Recovered": 16123},{"Confirmed": 76212, "Date": "2020-02-20", "Deaths": 2248, "Increase rate": 0.7402315867392799, "Recovered": 18181},{"Confirmed": 76841, "Date": "2020-02-21", "Deaths": 2252, "Increase rate": 0.82532934446019, "Recovered": 18894},{"Confirmed": 78602, "Date": "2020-02-22", "Deaths": 2459, "Increase rate": 2.291745292226806, "Recovered": 22892},{"Confirmed": 78982, "Date": "2020-02-23", "Deaths": 2470, "Increase rate": 0.4834482583140378, "Recovered": 23397},{"Confirmed": 79550, "Date": "2020-02-24", "Deaths": 2630, "Increase rate": 0.7191511990073687, "Recovered": 25229},{"Confirmed": 80404, "Date": "2020-02-25", "Deaths": 2710, "Increase rate": 1.0735386549340038, "Recovered": 27907},{"Confirmed": 81381, "Date": "2020-02-26", "Deaths": 2771, "Increase rate": 1.2151136759365206, "Recovered": 30388},{"Confirmed": 82740, "Date": "2020-02-27", "Deaths": 2814, "Increase rate": 1.6699229549894938, "Recovered": 33282},{"Confirmed": 84128, "Date": "2020-02-28", "Deaths": 2873, "Increase rate": 1.6775441140923375, "Recovered": 36714},{"Confirmed": 86022, "Date": "2020-02-29", "Deaths": 2943, "Increase rate": 2.251331304678585, "Recovered": 39785},{"Confirmed": 88400, "Date": "2020-03-01", "Deaths": 2997, "Increase rate": 2.764409104647648, "Recovered": 42721},{"Confirmed": 90379, "Date": "2020-03-02", "Deaths": 3086, "Increase rate": 2.23868778280543, "Recovered": 45605},{"Confirmed": 92980, "Date": "2020-03-03", "Deaths": 3160, "Increase rate": 2.877880923665896, "Recovered": 48227},{"Confirmed": 95282, "Date": "2020-03-04", "Deaths": 3255, "Increase rate": 2.475801247580125, "Recovered": 51170},{"Confirmed": 98100, "Date": "2020-03-05", "Deaths": 3348, "Increase rate": 2.9575365756386307, "Recovered": 53796},{"Confirmed": 102016, "Date": "2020-03-06", "Deaths": 3461, "Increase rate": 3.991845056065239, "Recovered": 55864},{"Confirmed": 106113, "Date": "2020-03-07", "Deaths": 3565, "Increase rate": 4.016036700125471, "Recovered": 58358},{"Confirmed": 110051, "Date": "2020-03-08", "Deaths": 3805, "Increase rate": 3.711138126337018, "Recovered": 60695},{"Confirmed": 114232, "Date": "2020-03-09", "Deaths": 3995, "Increase rate": 3.7991476678994287, "Recovered": 62495},{"Confirmed": 119056, "Date": "2020-03-10", "Deaths": 4271, "Increase rate": 4.222984802857343, "Recovered": 64402},{"Confirmed": 126719, "Date": "2020-03-11", "Deaths": 4616, "Increase rate": 6.436466872732159, "Recovered": 66999},{"Confirmed": 132516, "Date": "2020-03-12", "Deaths": 4925, "Increase rate": 4.574688878542286, "Recovered": 68328},{"Confirmed": 146879, "Date": "2020-03-13", "Deaths": 5417, "Increase rate": 10.838691176914486, "Recovered": 70255},{"Confirmed": 157983, "Date": "2020-03-14", "Deaths": 5838, "Increase rate": 7.559964324375847, "Recovered": 72622},{"Confirmed": 169249, "Date": "2020-03-15", "Deaths": 6488, "Increase rate": 7.131147022147953, "Recovered": 76031},{"Confirmed": 184029, "Date": "2020-03-16", "Deaths": 7175, "Increase rate": 8.732695614154293, "Recovered": 78086},{"Confirmed": 200033, "Date": "2020-03-17", "Deaths": 7991, "Increase rate": 8.696455449956257, "Recovered": 80830},{"Confirmed": 219607, "Date": "2020-03-18", "Deaths": 8909, "Increase rate": 9.785385411407118, "Recovered": 83317},{"Confirmed": 246706, "Date": "2020-03-19", "Deaths": 10025, "Increase rate": 12.339770590190659, "Recovered": 84958},{"Confirmed": 277580, "Date": "2020-03-20", "Deaths": 11518, "Increase rate": 12.514490932526975, "Recovered": 87403},{"Confirmed": 309731, "Date": "2020-03-21", "Deaths": 13243, "Increase rate": 11.58260681605303, "Recovered": 91650},{"Confirmed": 344830, "Date": "2020-03-22", "Deaths": 14928, "Increase rate": 11.332091395436686, "Recovered": 97867},{"Confirmed": 387513, "Date": "2020-03-23", "Deaths": 16888, "Increase rate": 12.377983354116521, "Recovered": 98355},{"Confirmed": 428582, "Date": "2020-03-24", "Deaths": 19198, "Increase rate": 10.598096063873987, "Recovered": 107974},{"Confirmed": 479655, "Date": "2020-03-25", "Deaths": 22022, "Increase rate": 11.916739387095118, "Recovered": 113753},{"Confirmed": 542595, "Date": "2020-03-26", "Deaths": 25065, "Increase rate": 13.12193138818526, "Recovered": 122125},{"Confirmed": 607577, "Date": "2020-03-27", "Deaths": 28551, "Increase rate": 11.976151641648006, "Recovered": 130910},{"Confirmed": 677337, "Date": "2020-03-28", "Deaths": 32349, "Increase rate": 11.481672281867155, "Recovered": 139421},{"Confirmed": 734028, "Date": "2020-03-29", "Deaths": 35853, "Increase rate": 8.369688943613001, "Recovered": 148877},{"Confirmed": 799348, "Date": "2020-03-30", "Deaths": 39944, "Increase rate": 8.898843095903699, "Recovered": 164213},{"Confirmed": 876287, "Date": "2020-03-31", "Deaths": 44685, "Increase rate": 9.625219553936457, "Recovered": 177803},{"Confirmed": 959294, "Date": "2020-04-01", "Deaths": 50698, "Increase rate": 9.472581471595493, "Recovered": 193075},{"Confirmed": 1042431, "Date": "2020-04-02", "Deaths": 56597, "Increase rate": 8.666477638763508, "Recovered": 210218},{"Confirmed": 1126246, "Date": "2020-04-03", "Deaths": 62752, "Increase rate": 8.04034031988688, "Recovered": 225640},{"Confirmed": 1185380, "Date": "2020-04-04", "Deaths": 68731, "Increase rate": 5.250540290487158, "Recovered": 246052},{"Confirmed": 1256206, "Date": "2020-04-05", "Deaths": 73986, "Increase rate": 5.974961615684422, "Recovered": 259888},{"Confirmed": 1330154, "Date": "2020-04-06", "Deaths": 79925, "Increase rate": 5.886614138127027, "Recovered": 276597},{"Confirmed": 1399798, "Date": "2020-04-07", "Deaths": 88230, "Increase rate": 5.235784728685551, "Recovered": 299859},{"Confirmed": 1483096, "Date": "2020-04-08", "Deaths": 95062, "Increase rate": 5.9507157461290845, "Recovered": 328741},{"Confirmed": 1570086, "Date": "2020-04-09", "Deaths": 102934, "Increase rate": 5.865432851278676, "Recovered": 353995},{"Confirmed": 1655402, "Date": "2020-04-10", "Deaths": 110353, "Increase rate": 5.433842477418435, "Recovered": 375733},{"Confirmed": 1729777, "Date": "2020-04-11", "Deaths": 116634, "Increase rate": 4.492866385325136, "Recovered": 401983},{"Confirmed": 1849402, "Date": "2020-04-12", "Deaths": 122583, "Increase rate": 6.915631321262798, "Recovered": 421366},{"Confirmed": 1920434, "Date": "2020-04-13", "Deaths": 128601, "Increase rate": 3.8408090831522834, "Recovered": 448623},{"Confirmed": 2004305, "Date": "2020-04-14", "Deaths": 135683, "Increase rate": 4.367294059571951, "Recovered": 473697},{"Confirmed": 2082514, "Date": "2020-04-15", "Deaths": 144231, "Increase rate": 3.902050835576422, "Recovered": 510236},{"Confirmed": 2178207, "Date": "2020-04-16", "Deaths": 151659, "Increase rate": 4.595071149581707, "Recovered": 541119},{"Confirmed": 2266243, "Date": "2020-04-17", "Deaths": 160174, "Increase rate": 4.041672807038083, "Recovered": 567303},{"Confirmed": 2343442, "Date": "2020-04-18", "Deaths": 166372, "Increase rate": 3.4064749455376147, "Recovered": 591169},{"Confirmed": 2420189, "Date": "2020-04-19", "Deaths": 171726, "Increase rate": 3.2749690412649426, "Recovered": 622952},{"Confirmed": 2495745, "Date": "2020-04-20", "Deaths": 177776, "Increase rate": 3.1219049421346847, "Recovered": 645130},{"Confirmed": 2571756, "Date": "2020-04-21", "Deaths": 185154, "Increase rate": 3.045623651454776, "Recovered": 679932},{"Confirmed": 2653241, "Date": "2020-04-22", "Deaths": 192198, "Increase rate": 3.1684576608356316, "Recovered": 710017},{"Confirmed": 2737238, "Date": "2020-04-23", "Deaths": 199205, "Increase rate": 3.1658262479737047, "Recovered": 738747},{"Confirmed": 2821356, "Date": "2020-04-24", "Deaths": 206129, "Increase rate": 3.0730977722799406, "Recovered": 788776},{"Confirmed": 2903704, "Date": "2020-04-25", "Deaths": 212005, "Increase rate": 2.918738365523528, "Recovered": 816531},{"Confirmed": 2975173, "Date": "2020-04-26", "Deaths": 216265, "Increase rate": 2.4613045957852453, "Recovered": 845343},{"Confirmed": 3045420, "Date": "2020-04-27", "Deaths": 221211, "Increase rate": 2.36110639616587, "Recovered": 873227},{"Confirmed": 3121234, "Date": "2020-04-28", "Deaths": 228032, "Increase rate": 2.489443163832903, "Recovered": 906439},{"Confirmed": 3198423, "Date": "2020-04-29", "Deaths": 234986, "Increase rate": 2.4730282958599066, "Recovered": 948516},{"Confirmed": 3281710, "Date": "2020-04-30", "Deaths": 241029, "Increase rate": 2.6040020347527513, "Recovered": 1013632},{"Confirmed": 3370188, "Date": "2020-05-01", "Deaths": 246502, "Increase rate": 2.696094414192601, "Recovered": 1051789},{"Confirmed": 3449428, "Date": "2020-05-02", "Deaths": 252340, "Increase rate": 2.3512041464749145, "Recovered": 1092440},{"Confirmed": 3524168, "Date": "2020-05-03", "Deaths": 256183, "Increase rate": 2.1667360501509236, "Recovered": 1124973},{"Confirmed": 3601875, "Date": "2020-05-04", "Deaths": 260754, "Increase rate": 2.2049743372052637, "Recovered": 1159059},{"Confirmed": 3682099, "Date": "2020-05-05", "Deaths": 266867, "Increase rate": 2.2272844004858583, "Recovered": 1195532},{"Confirmed": 3772619, "Date": "2020-05-06", "Deaths": 273754, "Increase rate": 2.4583803966161693, "Recovered": 1241651},{"Confirmed": 3861472, "Date": "2020-05-07", "Deaths": 279453, "Increase rate": 2.355207350649509, "Recovered": 1281176},{"Confirmed": 3951911, "Date": "2020-05-08", "Deaths": 285368, "Increase rate": 2.3420861267413047, "Recovered": 1317589},{"Confirmed": 4036319, "Date": "2020-05-09", "Deaths": 289959, "Increase rate": 2.1358780600069185, "Recovered": 1371030},{"Confirmed": 4111886, "Date": "2020-05-10", "Deaths": 293991, "Increase rate": 1.8721761089745386, "Recovered": 1404839},{"Confirmed": 4188341, "Date": "2020-05-11", "Deaths": 297909, "Increase rate": 1.8593657508987358, "Recovered": 1451724},{"Confirmed": 4272823, "Date": "2020-05-12", "Deaths": 303795, "Increase rate": 2.0170754960018775, "Recovered": 1488766},{"Confirmed": 4357717, "Date": "2020-05-13", "Deaths": 309273, "Increase rate": 1.9868363374752476, "Recovered": 1544638},{"Confirmed": 4453799, "Date": "2020-05-14", "Deaths": 314848, "Increase rate": 2.2048701189177726, "Recovered": 1584349},{"Confirmed": 4549827, "Date": "2020-05-15", "Deaths": 320484, "Increase rate": 2.156091911646664, "Recovered": 1632452},{"Confirmed": 4644158, "Date": "2020-05-16", "Deaths": 325037, "Increase rate": 2.0732876217051768, "Recovered": 1688863},{"Confirmed": 4722424, "Date": "2020-05-17", "Deaths": 328609, "Increase rate": 1.6852570476715047, "Recovered": 1729871},{"Confirmed": 4811217, "Date": "2020-05-18", "Deaths": 332767, "Increase rate": 1.8802420113060583, "Recovered": 1782787},{"Confirmed": 4908172, "Date": "2020-05-19", "Deaths": 337901, "Increase rate": 2.015186594161103, "Recovered": 1834839},{"Confirmed": 5010369, "Date": "2020-05-20", "Deaths": 343096, "Increase rate": 2.0821804940821145, "Recovered": 1893809},{"Confirmed": 5117026, "Date": "2020-05-21", "Deaths": 348174, "Increase rate": 2.128725449163525, "Recovered": 1945029},{"Confirmed": 5223409, "Date": "2020-05-22", "Deaths": 353852, "Increase rate": 2.0790005757250403, "Recovered": 2053576},{"Confirmed": 5327993, "Date": "2020-05-23", "Deaths": 358154, "Increase rate": 2.0022173258881315, "Recovered": 2108410},{"Confirmed": 5422538, "Date": "2020-05-24", "Deaths": 361637, "Increase rate": 1.7744955746000417, "Recovered": 2163937},{"Confirmed": 5508955, "Date": "2020-05-25", "Deaths": 363252, "Increase rate": 1.5936633362458688, "Recovered": 2227666},{"Confirmed": 5602173, "Date": "2020-05-26", "Deaths": 367915, "Increase rate": 1.6921176520773902, "Recovered": 2282818},{"Confirmed": 5705772, "Date": "2020-05-27", "Deaths": 373308, "Increase rate": 1.8492645621618613, "Recovered": 2346145},{"Confirmed": 5824378, "Date": "2020-05-28", "Deaths": 378320, "Increase rate": 2.078702058196507, "Recovered": 2413008},{"Confirmed": 5945407, "Date": "2020-05-29", "Deaths": 383475, "Increase rate": 2.077972961232942, "Recovered": 2490273},{"Confirmed": 6082397, "Date": "2020-05-30", "Deaths": 387859, "Increase rate": 2.3041315758534275, "Recovered": 2560723},{"Confirmed": 6189006, "Date": "2020-05-31", "Deaths": 391012, "Increase rate": 1.7527464912270605, "Recovered": 2637107},{"Confirmed": 6284754, "Date": "2020-06-01", "Deaths": 394523, "Increase rate": 1.5470658777839283, "Recovered": 2692032},{"Confirmed": 6406445, "Date": "2020-06-02", "Deaths": 399723, "Increase rate": 1.9362889939685786, "Recovered": 2796144},{"Confirmed": 6520626, "Date": "2020-06-03", "Deaths": 405562, "Increase rate": 1.782283310010466, "Recovered": 2875235},{"Confirmed": 6651489, "Date": "2020-06-04", "Deaths": 410990, "Increase rate": 2.006908539149462, "Recovered": 2945305},{"Confirmed": 6782390, "Date": "2020-06-05", "Deaths": 416053, "Increase rate": 1.9679954368112162, "Recovered": 3014470},{"Confirmed": 6916461, "Date": "2020-06-06", "Deaths": 420270, "Increase rate": 1.9767515580790842, "Recovered": 3086674},{"Confirmed": 7029144, "Date": "2020-06-07", "Deaths": 423457, "Increase rate": 1.6292002514002466, "Recovered": 3141783},{"Confirmed": 7130614, "Date": "2020-06-08", "Deaths": 427623, "Increase rate": 1.4435612643587896, "Recovered": 3293394},{"Confirmed": 7255084, "Date": "2020-06-09", "Deaths": 432816, "Increase rate": 1.7455719801969367, "Recovered": 3375664},{"Confirmed": 7390531, "Date": "2020-06-10", "Deaths": 438298, "Increase rate": 1.8669253174739258, "Recovered": 3454835},{"Confirmed": 7527833, "Date": "2020-06-11", "Deaths": 443363, "Increase rate": 1.8578096756511813, "Recovered": 3540714},{"Confirmed": 7656876, "Date": "2020-06-12", "Deaths": 448172, "Increase rate": 1.7142117791401588, "Recovered": 3620434},{"Confirmed": 7792031, "Date": "2020-06-13", "Deaths": 452632, "Increase rate": 1.7651454718608475, "Recovered": 3706326},{"Confirmed": 7924682, "Date": "2020-06-14", "Deaths": 456275, "Increase rate": 1.702393124462672, "Recovered": 3777145},{"Confirmed": 8043088, "Date": "2020-06-15", "Deaths": 460110, "Increase rate": 1.4941419731416352, "Recovered": 3857420},{"Confirmed": 8184796, "Date": "2020-06-16", "Deaths": 467229, "Increase rate": 1.7618606187076404, "Recovered": 3955283},{"Confirmed": 8329379, "Date": "2020-06-17", "Deaths": 472794, "Increase rate": 1.7664826343869782, "Recovered": 4074114},{"Confirmed": 8470135, "Date": "2020-06-18", "Deaths": 478108, "Increase rate": 1.6898738789530405, "Recovered": 4155277},{"Confirmed": 8650320, "Date": "2020-06-19", "Deaths": 484489, "Increase rate": 2.127297852985814, "Recovered": 4250267},{"Confirmed": 8807897, "Date": "2020-06-20", "Deaths": 488984, "Increase rate": 1.8216320321097947, "Recovered": 4366121},{"Confirmed": 8936632, "Date": "2020-06-21", "Deaths": 493605, "Increase rate": 1.461586119819521, "Recovered": 4434807},{"Confirmed": 9075015, "Date": "2020-06-22", "Deaths": 497350, "Increase rate": 1.5484916465173904, "Recovered": 4526440},{"Confirmed": 9242097, "Date": "2020-06-23", "Deaths": 502923, "Increase rate": 1.8411209237670683, "Recovered": 4630495},{"Confirmed": 9414971, "Date": "2020-06-24", "Deaths": 508462, "Increase rate": 1.8705062281860925, "Recovered": 4746246},{"Confirmed": 9593311, "Date": "2020-06-25", "Deaths": 513507, "Increase rate": 1.8942171993944539, "Recovered": 4839130},{"Confirmed": 9785153, "Date": "2020-06-26", "Deaths": 518585, "Increase rate": 1.9997475324212883, "Recovered": 4945110},{"Confirmed": 9963873, "Date": "2020-06-27", "Deaths": 523367, "Increase rate": 1.8264405267858357, "Recovered": 5051396},{"Confirmed": 10128830, "Date": "2020-06-28", "Deaths": 526894, "Increase rate": 1.6555510091306864, "Recovered": 5140599},{"Confirmed": 10282422, "Date": "2020-06-29", "Deaths": 530907, "Increase rate": 1.5163844195232816, "Recovered": 5235170},{"Confirmed": 10458819, "Date": "2020-06-30", "Deaths": 536105, "Increase rate": 1.7155199426749848, "Recovered": 5352510},{"Confirmed": 10676199, "Date": "2020-07-01", "Deaths": 541433, "Increase rate": 2.0784373455549807, "Recovered": 5468424},{"Confirmed": 10885967, "Date": "2020-07-02", "Deaths": 546873, "Increase rate": 1.9648191271069413, "Recovered": 5753358},{"Confirmed": 11088610, "Date": "2020-07-03", "Deaths": 552181, "Increase rate": 1.861506653474147, "Recovered": 5863246},{"Confirmed": 11285013, "Date": "2020-07-04", "Deaths": 556992, "Increase rate": 1.7712138852389974, "Recovered": 6059006},{"Confirmed": 11469073, "Date": "2020-07-05", "Deaths": 560838, "Increase rate": 1.6310127422981258, "Recovered": 6178369},{"Confirmed": 11632594, "Date": "2020-07-06", "Deaths": 564993, "Increase rate": 1.4257560310236057, "Recovered": 6302068},{"Confirmed": 11842590, "Date": "2020-07-07", "Deaths": 571343, "Increase rate": 1.8052379374712122, "Recovered": 6447101},{"Confirmed": 12056314, "Date": "2020-07-08", "Deaths": 577006, "Increase rate": 1.8047065717887727, "Recovered": 6605157},{"Confirmed": 12281315, "Date": "2020-07-09", "Deaths": 582793, "Increase rate": 1.866250331569002, "Recovered": 6739775},{"Confirmed": 12514029, "Date": "2020-07-10", "Deaths": 588457, "Increase rate": 1.8948622358436373, "Recovered": 6879221},{"Confirmed": 12731700, "Date": "2020-07-11", "Deaths": 593673, "Increase rate": 1.7394158188382014, "Recovered": 7004913},{"Confirmed": 12925565, "Date": "2020-07-12", "Deaths": 597975, "Increase rate": 1.522695319556697, "Recovered": 7116749},{"Confirmed": 13115865, "Date": "2020-07-13", "Deaths": 602268, "Increase rate": 1.4722760668489152, "Recovered": 7257072},{"Confirmed": 13337090, "Date": "2020-07-14", "Deaths": 608280, "Increase rate": 1.686697751158616, "Recovered": 7399324},{"Confirmed": 13568318, "Date": "2020-07-15", "Deaths": 614154, "Increase rate": 1.733721523960624, "Recovered": 7559130},{"Confirmed": 13819914, "Date": "2020-07-16", "Deaths": 620333, "Increase rate": 1.8542902664869736, "Recovered": 7711615},{"Confirmed": 14061990, "Date": "2020-07-17", "Deaths": 627380, "Increase rate": 1.7516462114018942, "Recovered": 7895036},{"Confirmed": 14299998, "Date": "2020-07-18", "Deaths": 633932, "Increase rate": 1.6925627169412012, "Recovered": 8045823},{"Confirmed": 14514204, "Date": "2020-07-19", "Deaths": 638842, "Increase rate": 1.4979442654467503, "Recovered": 8133881},{"Confirmed": 14719693, "Date": "2020-07-20", "Deaths": 642661, "Increase rate": 1.4157786400136032, "Recovered": 8293009},{"Confirmed": 14954376, "Date": "2020-07-21", "Deaths": 649058, "Increase rate": 1.594347110364326, "Recovered": 8467705},{"Confirmed": 15234082, "Date": "2020-07-22", "Deaths": 656414, "Increase rate": 1.8703956621125482, "Recovered": 8647437},{"Confirmed": 15517270, "Date": "2020-07-23", "Deaths": 663036, "Increase rate": 1.858910829021401, "Recovered": 8823667},{"Confirmed": 15798645, "Date": "2020-07-24", "Deaths": 669493, "Increase rate": 1.8133022110203665, "Recovered": 9051967},{"Confirmed": 16053916, "Date": "2020-07-25", "Deaths": 675641, "Increase rate": 1.6157778087930958, "Recovered": 9271779},{"Confirmed": 16268482, "Date": "2020-07-26", "Deaths": 679970, "Increase rate": 1.336533715512153, "Recovered": 9415080},{"Confirmed": 16494985, "Date": "2020-07-27", "Deaths": 685202, "Increase rate": 1.3922810991216021, "Recovered": 9586463},{"Confirmed": 16744416, "Date": "2020-07-28", "Deaths": 691926, "Increase rate": 1.5121626360981837, "Recovered": 9756921},{"Confirmed": 17033245, "Date": "2020-07-29", "Deaths": 698935, "Increase rate": 1.724927283220866, "Recovered": 9959507},{"Confirmed": 17313937, "Date": "2020-07-30", "Deaths": 705566, "Increase rate": 1.6479067846437951, "Recovered": 10173026},{"Confirmed": 17604191, "Date": "2020-07-31", "Deaths": 712145, "Increase rate": 1.676418251955058, "Recovered": 10372632},{"Confirmed": 17854860, "Date": "2020-08-01", "Deaths": 718270, "Increase rate": 1.4239166116750266, "Recovered": 10553543},{"Confirmed": 18086694, "Date": "2020-08-02", "Deaths": 722927, "Increase rate": 1.2984363921083673, "Recovered": 10692267},{"Confirmed": 18292821, "Date": "2020-08-03", "Deaths": 727705, "Increase rate": 1.1396610126759485, "Recovered": 10914712},{"Confirmed": 18547263, "Date": "2020-08-04", "Deaths": 734706, "Increase rate": 1.390939101191664, "Recovered": 11138369},{"Confirmed": 18824898, "Date": "2020-08-05", "Deaths": 742193, "Increase rate": 1.496905500288641, "Recovered": 11360064},{"Confirmed": 19108205, "Date": "2020-08-06", "Deaths": 749080, "Increase rate": 1.5049590175734286, "Recovered": 11548871},{"Confirmed": 19391549, "Date": "2020-08-07", "Deaths": 755769, "Increase rate": 1.482839439915994, "Recovered": 11740917},{"Confirmed": 19651136, "Date": "2020-08-08", "Deaths": 761841, "Increase rate": 1.3386604649272733, "Recovered": 11941161},{"Confirmed": 19878178, "Date": "2020-08-09", "Deaths": 766964, "Increase rate": 1.1553632319271516, "Recovered": 12119939},{"Confirmed": 20102341, "Date": "2020-08-10", "Deaths": 772360, "Increase rate": 1.1276838350074136, "Recovered": 12284150},{"Confirmed": 20364383, "Date": "2020-08-11", "Deaths": 778982, "Increase rate": 1.303539722065206, "Recovered": 12589218},{"Confirmed": 20637714, "Date": "2020-08-12", "Deaths": 785928, "Increase rate": 1.3422012343806342, "Recovered": 12829863},{"Confirmed": 20927039, "Date": "2020-08-13", "Deaths": 792763, "Increase rate": 1.4019236820512193, "Recovered": 12993779},{"Confirmed": 21230655, "Date": "2020-08-14", "Deaths": 799422, "Increase rate": 1.4508311472062532, "Recovered": 13277021},{"Confirmed": 21480847, "Date": "2020-08-15", "Deaths": 805387, "Increase rate": 1.1784469202669443, "Recovered": 13445625},{"Confirmed": 21696033, "Date": "2020-08-16", "Deaths": 810211, "Increase rate": 1.0017575191518286, "Recovered": 13678579},{"Confirmed": 21902776, "Date": "2020-08-17", "Deaths": 814732, "Increase rate": 0.9529069208181975, "Recovered": 13889591},{"Confirmed": 22158915, "Date": "2020-08-18", "Deaths": 821795, "Increase rate": 1.1694362394976783, "Recovered": 14117186},{"Confirmed": 22435554, "Date": "2020-08-19", "Deaths": 828898, "Increase rate": 1.2484320644760811, "Recovered": 14335183},{"Confirmed": 22708723, "Date": "2020-08-20", "Deaths": 835308, "Increase rate": 1.217571895037671, "Recovered": 14542973},{"Confirmed": 22969896, "Date": "2020-08-21", "Deaths": 841039, "Increase rate": 1.150099897735333, "Recovered": 14711467},{"Confirmed": 23235396, "Date": "2020-08-22", "Deaths": 846843, "Increase rate": 1.155860696974858, "Recovered": 14921384},{"Confirmed": 23441870, "Date": "2020-08-23", "Deaths": 851242, "Increase rate": 0.8886183820581324, "Recovered": 15137915},{"Confirmed": 23665484, "Date": "2020-08-24", "Deaths": 855955, "Increase rate": 0.9539085405729151, "Recovered": 15337336},{"Confirmed": 23910039, "Date": "2020-08-25", "Deaths": 862591, "Increase rate": 1.03338262593742, "Recovered": 15568885},{"Confirmed": 24192604, "Date": "2020-08-26", "Deaths": 869150, "Increase rate": 1.1817839360278752, "Recovered": 15794619},{"Confirmed": 24477115, "Date": "2020-08-27", "Deaths": 875365, "Increase rate": 1.17602470573238, "Recovered": 16001856},{"Confirmed": 24760436, "Date": "2020-08-28", "Deaths": 881227, "Increase rate": 1.1574934382585529, "Recovered": 16200974},{"Confirmed": 25025729, "Date": "2020-08-29", "Deaths": 886852, "Increase rate": 1.07143912974715, "Recovered": 16412387},{"Confirmed": 25247155, "Date": "2020-08-30", "Deaths": 891272, "Increase rate": 0.8847934060182623, "Recovered": 16622627},{"Confirmed": 25507330, "Date": "2020-08-31", "Deaths": 895652, "Increase rate": 1.0305121507750081, "Recovered": 16823417},{"Confirmed": 25773238, "Date": "2020-09-01", "Deaths": 902282, "Increase rate": 1.0424768096072776, "Recovered": 17081379},{"Confirmed": 26056422, "Date": "2020-09-02", "Deaths": 908572, "Increase rate": 1.0987521241995282, "Recovered": 17300616},{"Confirmed": 26338002, "Date": "2020-09-03", "Deaths": 914641, "Increase rate": 1.0806548957489253, "Recovered": 17521985},{"Confirmed": 26652310, "Date": "2020-09-04", "Deaths": 920528, "Increase rate": 1.1933631108388556, "Recovered": 17735486},{"Confirmed": 26922636, "Date": "2020-09-05", "Deaths": 925680, "Increase rate": 1.0142685568342857, "Recovered": 17936474},{"Confirmed": 27152912, "Date": "2020-09-06", "Deaths": 929820, "Increase rate": 0.8553248649203591, "Recovered": 18148265},{"Confirmed": 27371042, "Date": "2020-09-07", "Deaths": 939413, "Increase rate": 0.8033392514217259, "Recovered": 18345813},{"Confirmed": 27611504, "Date": "2020-09-08", "Deaths": 944521, "Increase rate": 0.8785270213680575, "Recovered": 18547610},{"Confirmed": 27896910, "Date": "2020-09-09", "Deaths": 950752, "Increase rate": 1.0336488733101972, "Recovered": 18787877},{"Confirmed": 28196721, "Date": "2020-09-10", "Deaths": 956770, "Increase rate": 1.0747104249180286, "Recovered": 19004538},{"Confirmed": 28518394, "Date": "2020-09-11", "Deaths": 962799, "Increase rate": 1.1408170474857697, "Recovered": 19228208},{"Confirmed": 28805655, "Date": "2020-09-12", "Deaths": 967858, "Increase rate": 1.0072832292028786, "Recovered": 19451142},{"Confirmed": 29048501, "Date": "2020-09-13", "Deaths": 971849, "Increase rate": 0.8430497414483371, "Recovered": 19638990},{"Confirmed": 29311110, "Date": "2020-09-14", "Deaths": 976376, "Increase rate": 0.9040363218742338, "Recovered": 19867489},{"Confirmed": 29596427, "Date": "2020-09-15", "Deaths": 982979, "Increase rate": 0.9734090588858627, "Recovered": 20093776},{"Confirmed": 29900939, "Date": "2020-09-16", "Deaths": 988887, "Increase rate": 1.0288809524203717, "Recovered": 20323253},{"Confirmed": 30215740, "Date": "2020-09-17", "Deaths": 994484, "Increase rate": 1.0528130905855497, "Recovered": 20543464},{"Confirmed": 30541700, "Date": "2020-09-18", "Deaths": 1000301, "Increase rate": 1.078775499127276, "Recovered": 20794613},{"Confirmed": 30834324, "Date": "2020-09-19", "Deaths": 1005692, "Increase rate": 0.9581130061522444, "Recovered": 21031598},{"Confirmed": 31086944, "Date": "2020-09-20", "Deaths": 1009668, "Increase rate": 0.8192817848057898, "Recovered": 21268675},{"Confirmed": 31361672, "Date": "2020-09-21", "Deaths": 1014005, "Increase rate": 0.8837407755487321, "Recovered": 21514153},{"Confirmed": 31646425, "Date": "2020-09-22", "Deaths": 1020203, "Increase rate": 0.9079649834996042, "Recovered": 21733546},{"Confirmed": 31922524, "Date": "2020-09-23", "Deaths": 1025817, "Increase rate": 0.8724492576965645, "Recovered": 21996959},{"Confirmed": 32276020, "Date": "2020-09-24", "Deaths": 1032397, "Increase rate": 1.1073560474102861, "Recovered": 22252629},{"Confirmed": 32607085, "Date": "2020-09-25", "Deaths": 1038340, "Increase rate": 1.0257305578568858, "Recovered": 22491837},{"Confirmed": 32896022, "Date": "2020-09-26", "Deaths": 1043906, "Increase rate": 0.8861172349506249, "Recovered": 22753980},{"Confirmed": 33147922, "Date": "2020-09-27", "Deaths": 1047750, "Increase rate": 0.765746083219424, "Recovered": 22967859},{"Confirmed": 33402293, "Date": "2020-09-28", "Deaths": 1051772, "Increase rate": 0.7673814364592748, "Recovered": 23190401},{"Confirmed": 33685236, "Date": "2020-09-29", "Deaths": 1057836, "Increase rate": 0.8470765764494073, "Recovered": 23431685},{"Confirmed": 34011283, "Date": "2020-09-30", "Deaths": 1064363, "Increase rate": 0.9679225640574404, "Recovered": 23679903},{"Confirmed": 34329916, "Date": "2020-10-01", "Deaths": 1073168, "Increase rate": 0.9368449875883835, "Recovered": 23901445},{"Confirmed": 34628080, "Date": "2020-10-02", "Deaths": 1078210, "Increase rate": 0.8685252827300829, "Recovered": 24073730},{"Confirmed": 34961140, "Date": "2020-10-03", "Deaths": 1083658, "Increase rate": 0.9618205802920635, "Recovered": 24329331},{"Confirmed": 35222341, "Date": "2020-10-04", "Deaths": 1087692, "Increase rate": 0.7471180859663042, "Recovered": 24551490},{"Confirmed": 35521880, "Date": "2020-10-05", "Deaths": 1094694, "Increase rate": 0.850423315133994, "Recovered": 24788958},{"Confirmed": 35848168, "Date": "2020-10-06", "Deaths": 1100541, "Increase rate": 0.9185549863914861, "Recovered": 25021584},{"Confirmed": 36199307, "Date": "2020-10-07", "Deaths": 1106443, "Increase rate": 0.9795172796556857, "Recovered": 25276775},{"Confirmed": 36561071, "Date": "2020-10-08", "Deaths": 1112807, "Increase rate": 0.9993671978306103, "Recovered": 25496281},{"Confirmed": 36922252, "Date": "2020-10-09", "Deaths": 1119016, "Increase rate": 0.9878840803104482, "Recovered": 25703071},{"Confirmed": 37279745, "Date": "2020-10-10", "Deaths": 1123935, "Increase rate": 0.9682318402463641, "Recovered": 25898476},{"Confirmed": 37567580, "Date": "2020-10-11", "Deaths": 1128071, "Increase rate": 0.7720948735030242, "Recovered": 26121116},{"Confirmed": 37859037, "Date": "2020-10-12", "Deaths": 1132141, "Increase rate": 0.7758205346205426, "Recovered": 26321235},{"Confirmed": 38177747, "Date": "2020-10-13", "Deaths": 1137517, "Increase rate": 0.8418333514399745, "Recovered": 26513680},{"Confirmed": 38559473, "Date": "2020-10-14", "Deaths": 1143710, "Increase rate": 0.9998651832440505, "Recovered": 26725965},{"Confirmed": 38966788, "Date": "2020-10-15", "Deaths": 1149791, "Increase rate": 1.0563292708901908, "Recovered": 26933292},{"Confirmed": 39378612, "Date": "2020-10-16", "Deaths": 1156116, "Increase rate": 1.0568589846307066, "Recovered": 27136306},{"Confirmed": 39752952, "Date": "2020-10-17", "Deaths": 1161799, "Increase rate": 0.9506175585873874, "Recovered": 27334589},{"Confirmed": 40069587, "Date": "2020-10-18", "Deaths": 1165455, "Increase rate": 0.7965068858282524, "Recovered": 27536100},{"Confirmed": 40455920, "Date": "2020-10-19", "Deaths": 1170359, "Increase rate": 0.9641551833314379, "Recovered": 27738631},{"Confirmed": 40844911, "Date": "2020-10-20", "Deaths": 1176997, "Increase rate": 0.9615181165080413, "Recovered": 27950078},{"Confirmed": 41289427, "Date": "2020-10-21", "Deaths": 1183803, "Increase rate": 1.0883020408588966, "Recovered": 28161300},{"Confirmed": 41761859, "Date": "2020-10-22", "Deaths": 1189752, "Increase rate": 1.144196067433922, "Recovered": 28388093},{"Confirmed": 42259411, "Date": "2020-10-23", "Deaths": 1196827, "Increase rate": 1.191402901867946, "Recovered": 28594827},{"Confirmed": 42716589, "Date": "2020-10-24", "Deaths": 1202721, "Increase rate": 1.0818371320887552, "Recovered": 28806408},{"Confirmed": 43077404, "Date": "2020-10-25", "Deaths": 1206983, "Increase rate": 0.8446718439995291, "Recovered": 29003666},{"Confirmed": 43563207, "Date": "2020-10-26", "Deaths": 1212580, "Increase rate": 1.1277443738253121, "Recovered": 29242801},{"Confirmed": 44033640, "Date": "2020-10-27", "Deaths": 1220023, "Increase rate": 1.079886060730102, "Recovered": 29832506},{"Confirmed": 44545516, "Date": "2020-10-28", "Deaths": 1227233, "Increase rate": 1.162465787520632, "Recovered": 30098468},{"Confirmed": 45095847, "Date": "2020-10-29", "Deaths": 1234406, "Increase rate": 1.235435234379146, "Recovered": 30345219},{"Confirmed": 45667670, "Date": "2020-10-30", "Deaths": 1242027, "Increase rate": 1.2680169861317827, "Recovered": 30600993},{"Confirmed": 46145040, "Date": "2020-10-31", "Deaths": 1248731, "Increase rate": 1.0453128000618381, "Recovered": 30845322},{"Confirmed": 46607856, "Date": "2020-11-01", "Deaths": 1253856, "Increase rate": 1.0029593646467745, "Recovered": 31103269},{"Confirmed": 47169522, "Date": "2020-11-02", "Deaths": 1260056, "Increase rate": 1.2050886871947082, "Recovered": 31383406},{"Confirmed": 47724055, "Date": "2020-11-03", "Deaths": 1269475, "Increase rate": 1.1756171707654786, "Recovered": 31634979},{"Confirmed": 48235258, "Date": "2020-11-04", "Deaths": 1279614, "Increase rate": 1.0711642168713449, "Recovered": 31914298},{"Confirmed": 48832422, "Date": "2020-11-05", "Deaths": 1287717, "Increase rate": 1.2380238538373733, "Recovered": 32217953},{"Confirmed": 49477334, "Date": "2020-11-06", "Deaths": 1297467, "Increase rate": 1.3206635542263294, "Recovered": 32506314},{"Confirmed": 50078124, "Date": "2020-11-07", "Deaths": 1305157, "Increase rate": 1.2142731861825862, "Recovered": 32805330},{"Confirmed": 50561629, "Date": "2020-11-08", "Deaths": 1311192, "Increase rate": 0.9655014233360659, "Recovered": 33058570},{"Confirmed": 51061864, "Date": "2020-11-09", "Deaths": 1318428, "Increase rate": 0.989356968700514, "Recovered": 33315623},{"Confirmed": 51620880, "Date": "2020-11-10", "Deaths": 1328457, "Increase rate": 1.0947818121171606, "Recovered": 33572983},{"Confirmed": 52271002, "Date": "2020-11-11", "Deaths": 1338961, "Increase rate": 1.259416732144047, "Recovered": 33953207},{"Confirmed": 52918546, "Date": "2020-11-12", "Deaths": 1348729, "Increase rate": 1.2388207136339189, "Recovered": 34179446},{"Confirmed": 53571384, "Date": "2020-11-13", "Deaths": 1358368, "Increase rate": 1.2336657927071542, "Recovered": 34481578},{"Confirmed": 54169580, "Date": "2020-11-14", "Deaths": 1367576, "Increase rate": 1.1166334623723742, "Recovered": 34759397},{"Confirmed": 54644074, "Date": "2020-11-15", "Deaths": 1374164, "Increase rate": 0.8759418108835255, "Recovered": 34990157},{"Confirmed": 55176165, "Date": "2020-11-16", "Deaths": 1382077, "Increase rate": 0.973739622708219, "Recovered": 35380887},{"Confirmed": 55787343, "Date": "2020-11-17", "Deaths": 1393166, "Increase rate": 1.1076848128172734, "Recovered": 35814478},{"Confirmed": 56414690, "Date": "2020-11-18", "Deaths": 1404587, "Increase rate": 1.124532853267452, "Recovered": 36177588},{"Confirmed": 57068602, "Date": "2020-11-19", "Deaths": 1415703, "Increase rate": 1.159116535072691, "Recovered": 36551887},{"Confirmed": 57740305, "Date": "2020-11-20", "Deaths": 1427511, "Increase rate": 1.1770097329526312, "Recovered": 36907311},{"Confirmed": 58329486, "Date": "2020-11-21", "Deaths": 1436524, "Increase rate": 1.0203981430302453, "Recovered": 37246581},{"Confirmed": 58816861, "Date": "2020-11-22", "Deaths": 1443942, "Increase rate": 0.8355551084403522, "Recovered": 37520305},{"Confirmed": 59340707, "Date": "2020-11-23", "Deaths": 1452445, "Increase rate": 0.8906391655277217, "Recovered": 37931518},{"Confirmed": 59932985, "Date": "2020-11-24", "Deaths": 1465165, "Increase rate": 0.9980973094911053, "Recovered": 38303697},{"Confirmed": 60570872, "Date": "2020-11-25", "Deaths": 1477315, "Increase rate": 1.0643337721289872, "Recovered": 38741107},{"Confirmed": 61157136, "Date": "2020-11-26", "Deaths": 1488276, "Increase rate": 0.9678975729456231, "Recovered": 39107983},{"Confirmed": 61841126, "Date": "2020-11-27", "Deaths": 1499686, "Increase rate": 1.1184140473811592, "Recovered": 39489609},{"Confirmed": 62429212, "Date": "2020-11-28", "Deaths": 1508983, "Increase rate": 0.9509626328602102, "Recovered": 39849315},{"Confirmed": 62917854, "Date": "2020-11-29", "Deaths": 1516305, "Increase rate": 0.7827137078071721, "Recovered": 40167598},{"Confirmed": 63422630, "Date": "2020-11-30", "Deaths": 1525198, "Increase rate": 0.8022778399275984, "Recovered": 40569854},{"Confirmed": 64040778, "Date": "2020-12-01", "Deaths": 1537917, "Increase rate": 0.9746489541666752, "Recovered": 41046058},{"Confirmed": 64693814, "Date": "2020-12-02", "Deaths": 1550590, "Increase rate": 1.0197190296470164, "Recovered": 41508984},{"Confirmed": 65389164, "Date": "2020-12-03", "Deaths": 1563127, "Increase rate": 1.0748322861286244, "Recovered": 41935968},{"Confirmed": 66075040, "Date": "2020-12-04", "Deaths": 1575663, "Increase rate": 1.048913853677652, "Recovered": 42426585},{"Confirmed": 66721965, "Date": "2020-12-05", "Deaths": 1585975, "Increase rate": 0.9790762139531055, "Recovered": 42862533},{"Confirmed": 67258205, "Date": "2020-12-06", "Deaths": 1593617, "Increase rate": 0.803693356453156, "Recovered": 43178577},{"Confirmed": 67775023, "Date": "2020-12-07", "Deaths": 1602322, "Increase rate": 0.7684088506376285, "Recovered": 43591716},{"Confirmed": 68424738, "Date": "2020-12-08", "Deaths": 1614677, "Increase rate": 0.9586348646462282, "Recovered": 44032487},{"Confirmed": 69093796, "Date": "2020-12-09", "Deaths": 1627332, "Increase rate": 0.977801332611606, "Recovered": 44458967},{"Confirmed": 70594620, "Date": "2020-12-10", "Deaths": 1639997, "Increase rate": 2.172154501396913, "Recovered": 44950193},{"Confirmed": 71300258, "Date": "2020-12-11", "Deaths": 1653106, "Increase rate": 0.999563422821739, "Recovered": 45428333},{"Confirmed": 71937695, "Date": "2020-12-12", "Deaths": 1663771, "Increase rate": 0.8940178028528312, "Recovered": 46933276},{"Confirmed": 72467298, "Date": "2020-12-13", "Deaths": 1671520, "Increase rate": 0.7361967880677855, "Recovered": 47328395},{"Confirmed": 73000329, "Date": "2020-12-14", "Deaths": 1680608, "Increase rate": 0.7355469497427654, "Recovered": 41338398},{"Confirmed": 73649081, "Date": "2020-12-15", "Deaths": 1694472, "Increase rate": 0.8886973646379045, "Recovered": 41696562},{"Confirmed": 74376698, "Date": "2020-12-16", "Deaths": 1708265, "Increase rate": 0.9879512277960399, "Recovered": 42058782},{"Confirmed": 75114562, "Date": "2020-12-17", "Deaths": 1721708, "Increase rate": 0.992063401362615, "Recovered": 42434191},{"Confirmed": 75831817, "Date": "2020-12-18", "Deaths": 1734641, "Increase rate": 0.954881424989205, "Recovered": 42751919},{"Confirmed": 76452503, "Date": "2020-12-19", "Deaths": 1745564, "Increase rate": 0.8185033994372046, "Recovered": 43103505},{"Confirmed": 76983365, "Date": "2020-12-20", "Deaths": 1753598, "Increase rate": 0.694368371431868, "Recovered": 43380334},{"Confirmed": 77524824, "Date": "2020-12-21", "Deaths": 1763219, "Increase rate": 0.7033454565151834, "Recovered": 43723554},{"Confirmed": 78178313, "Date": "2020-12-22", "Deaths": 1777489, "Increase rate": 0.8429416105478679, "Recovered": 44086739},{"Confirmed": 78869136, "Date": "2020-12-23", "Deaths": 1791359, "Increase rate": 0.8836504312903247, "Recovered": 44410879},{"Confirmed": 79546939, "Date": "2020-12-24", "Deaths": 1803133, "Increase rate": 0.8594020860073832, "Recovered": 44725551},{"Confirmed": 80025232, "Date": "2020-12-25", "Deaths": 1811776, "Increase rate": 0.6012714078162077, "Recovered": 45017157},{"Confirmed": 80532275, "Date": "2020-12-26", "Deaths": 1819302, "Increase rate": 0.6336039113263677, "Recovered": 45425321},{"Confirmed": 80964915, "Date": "2020-12-27", "Deaths": 1827018, "Increase rate": 0.537225603026861, "Recovered": 45717709},{"Confirmed": 81454491, "Date": "2020-12-28", "Deaths": 1836717, "Increase rate": 0.6046767294203915, "Recovered": 46016135},{"Confirmed": 82120389, "Date": "2020-12-29", "Deaths": 1851858, "Increase rate": 0.8175092518839753, "Recovered": 46369230},{"Confirmed": 82870092, "Date": "2020-12-30", "Deaths": 1867253, "Increase rate": 0.9129316228640857, "Recovered": 46757475},{"Confirmed": 83637784, "Date": "2020-12-31", "Deaths": 1880709, "Increase rate": 0.9263800503564061, "Recovered": 47055807},{"Confirmed": 84203945, "Date": "2021-01-01", "Deaths": 1890767, "Increase rate": 0.6769201345650191, "Recovered": 47359111},{"Confirmed": 84789834, "Date": "2021-01-02", "Deaths": 1898957, "Increase rate": 0.6957975662541702, "Recovered": 47614296},{"Confirmed": 85311618, "Date": "2021-01-03", "Deaths": 1906578, "Increase rate": 0.6153850943970476, "Recovered": 47882778},{"Confirmed": 85862769, "Date": "2021-01-04", "Deaths": 1916695, "Increase rate": 0.6460444813038243, "Recovered": 48173186},{"Confirmed": 86599074, "Date": "2021-01-05", "Deaths": 1932188, "Increase rate": 0.857536984394249, "Recovered": 48488547},{"Confirmed": 87383666, "Date": "2021-01-06", "Deaths": 1947268, "Increase rate": 0.9060050688301816, "Recovered": 48801672},{"Confirmed": 88275187, "Date": "2021-01-07", "Deaths": 1962396, "Increase rate": 1.0202375807854067, "Recovered": 49125603},{"Confirmed": 89086319, "Date": "2021-01-08", "Deaths": 1977573, "Increase rate": 0.9188674955738129, "Recovered": 49422866},{"Confirmed": 89844616, "Date": "2021-01-09", "Deaths": 1990607, "Increase rate": 0.8511935485851649, "Recovered": 49753111},{"Confirmed": 90432702, "Date": "2021-01-10", "Deaths": 1999283, "Increase rate": 0.6545589776909949, "Recovered": 50023661},{"Confirmed": 91049524, "Date": "2021-01-11", "Deaths": 2009593, "Increase rate": 0.682078480857511, "Recovered": 50313949},{"Confirmed": 91746747, "Date": "2021-01-12", "Deaths": 2026794, "Increase rate": 0.7657623778461489, "Recovered": 50657506},{"Confirmed": 92494424, "Date": "2021-01-13", "Deaths": 2043663, "Increase rate": 0.8149357055678498, "Recovered": 51023567},{"Confirmed": 93252210, "Date": "2021-01-14", "Deaths": 2059305, "Increase rate": 0.8192774950412146, "Recovered": 51396412},{"Confirmed": 94022870, "Date": "2021-01-15", "Deaths": 2074468, "Increase rate": 0.8264254541527756, "Recovered": 51717034},{"Confirmed": 94668101, "Date": "2021-01-16", "Deaths": 2088069, "Increase rate": 0.6862489945265444, "Recovered": 52034089},{"Confirmed": 95195726, "Date": "2021-01-17", "Deaths": 2097081, "Increase rate": 0.5573419075977873, "Recovered": 52349804},{"Confirmed": 95707779, "Date": "2021-01-18", "Deaths": 2106795, "Increase rate": 0.5378949470903768, "Recovered": 52668557},{"Confirmed": 96305234, "Date": "2021-01-19", "Deaths": 2123740, "Increase rate": 0.6242491532480343, "Recovered": 53071501},{"Confirmed": 97000167, "Date": "2021-01-20", "Deaths": 2141716, "Increase rate": 0.7215942178179018, "Recovered": 53399272},{"Confirmed": 97654938, "Date": "2021-01-21", "Deaths": 2158876, "Increase rate": 0.675020487335862, "Recovered": 53765411},{"Confirmed": 98312298, "Date": "2021-01-22", "Deaths": 2175068, "Increase rate": 0.6731456836314822, "Recovered": 54147168},{"Confirmed": 98883925, "Date": "2021-01-23", "Deaths": 2188866, "Increase rate": 0.5814399740711992, "Recovered": 54463661},{"Confirmed": 99335895, "Date": "2021-01-24", "Deaths": 2198074, "Increase rate": 0.4570712580432057, "Recovered": 54774618},{"Confirmed": 99824124, "Date": "2021-01-25", "Deaths": 2209259, "Increase rate": 0.4914930297854567, "Recovered": 55089059},{"Confirmed": 100377338, "Date": "2021-01-26", "Deaths": 2226801, "Increase rate": 0.5541886848914397, "Recovered": 55418602},{"Confirmed": 100977028, "Date": "2021-01-27", "Deaths": 2243948, "Increase rate": 0.5974356482735177, "Recovered": 55759371},{"Confirmed": 101589013, "Date": "2021-01-28", "Deaths": 2261108, "Increase rate": 0.6060635890373006, "Recovered": 56075030},{"Confirmed": 102179630, "Date": "2021-01-29", "Deaths": 2276613, "Increase rate": 0.5813788150496156, "Recovered": 56439137},{"Confirmed": 102697256, "Date": "2021-01-30", "Deaths": 2290149, "Increase rate": 0.5065843358407149, "Recovered": 56790303},{"Confirmed": 103081819, "Date": "2021-01-31", "Deaths": 2298823, "Increase rate": 0.37446278019346496, "Recovered": 57079202},{"Confirmed": 103523081, "Date": "2021-02-01", "Deaths": 2309480, "Increase rate": 0.4280696676491516, "Recovered": 57351844},{"Confirmed": 103980038, "Date": "2021-02-02", "Deaths": 2324750, "Increase rate": 0.44140591217527614, "Recovered": 57702034},{"Confirmed": 104503478, "Date": "2021-02-03", "Deaths": 2340821, "Increase rate": 0.5034043168939792, "Recovered": 58031881},{"Confirmed": 104970329, "Date": "2021-02-04", "Deaths": 2353678, "Increase rate": 0.4467325001374595, "Recovered": 58325870},{"Confirmed": 105502809, "Date": "2021-02-05", "Deaths": 2370846, "Increase rate": 0.5072671535591738, "Recovered": 58607157},{"Confirmed": 105881313, "Date": "2021-02-06", "Deaths": 2381286, "Increase rate": 0.3587620117299436, "Recovered": 58901714},{"Confirmed": 106281215, "Date": "2021-02-07", "Deaths": 2389559, "Increase rate": 0.3776889317570136, "Recovered": 59179149},{"Confirmed": 106592577, "Date": "2021-02-08", "Deaths": 2398419, "Increase rate": 0.2929605198811474, "Recovered": 59411983},{"Confirmed": 107019339, "Date": "2021-02-09", "Deaths": 2414526, "Increase rate": 0.4003674664887781, "Recovered": 59783591},{"Confirmed": 107455702, "Date": "2021-02-10", "Deaths": 2428447, "Increase rate": 0.40774219321238747, "Recovered": 60052899},{"Confirmed": 107897472, "Date": "2021-02-11", "Deaths": 2442151, "Increase rate": 0.41111824852254003, "Recovered": 60328984},{"Confirmed": 108326345, "Date": "2021-02-12", "Deaths": 2455305, "Increase rate": 0.3974819725155377, "Recovered": 60616583},{"Confirmed": 108700944, "Date": "2021-02-13", "Deaths": 2465648, "Increase rate": 0.34580599945470325, "Recovered": 60862826},{"Confirmed": 108996146, "Date": "2021-02-14", "Deaths": 2472317, "Increase rate": 0.2715726185413808, "Recovered": 61058257},{"Confirmed": 109279455, "Date": "2021-02-15", "Deaths": 2479731, "Increase rate": 0.2599257041620536, "Recovered": 61346870},{"Confirmed": 109627029, "Date": "2021-02-16", "Deaths": 2491292, "Increase rate": 0.31805978534574497, "Recovered": 61582275},{"Confirmed": 110022186, "Date": "2021-02-17", "Deaths": 2503166, "Increase rate": 0.3604558142317256, "Recovered": 61876216},{"Confirmed": 110427203, "Date": "2021-02-18", "Deaths": 2514953, "Increase rate": 0.36812302565957017, "Recovered": 62112834},{"Confirmed": 110838568, "Date": "2021-02-19", "Deaths": 2526706, "Increase rate": 0.3725214338716883, "Recovered": 62347470},{"Confirmed": 111210542, "Date": "2021-02-20", "Deaths": 2535577, "Increase rate": 0.33559978869449125, "Recovered": 62616686},{"Confirmed": 111525837, "Date": "2021-02-21", "Deaths": 2542025, "Increase rate": 0.2835117915350147, "Recovered": 62833943},{"Confirmed": 111813033, "Date": "2021-02-22", "Deaths": 2549443, "Increase rate": 0.257515215958433, "Recovered": 63016513},{"Confirmed": 112201625, "Date": "2021-02-23", "Deaths": 2561145, "Increase rate": 0.3475373036343625, "Recovered": 63295143},{"Confirmed": 112646833, "Date": "2021-02-24", "Deaths": 2573572, "Increase rate": 0.3967928271983583, "Recovered": 63504602},{"Confirmed": 113094860, "Date": "2021-02-25", "Deaths": 2584207, "Increase rate": 0.39772711586130427, "Recovered": 63732294},{"Confirmed": 113538250, "Date": "2021-02-26", "Deaths": 2594926, "Increase rate": 0.39205141595294424, "Recovered": 63992562},{"Confirmed": 113928610, "Date": "2021-02-27", "Deaths": 2603560, "Increase rate": 0.3438136487042913, "Recovered": 64243284},{"Confirmed": 114232638, "Date": "2021-02-28", "Deaths": 2609772, "Increase rate": 0.2668583422548559, "Recovered": 64418461},{"Confirmed": 114535597, "Date": "2021-03-01", "Deaths": 2617624, "Increase rate": 0.26521229423065584, "Recovered": 64633387},{"Confirmed": 114845793, "Date": "2021-03-02", "Deaths": 2627972, "Increase rate": 0.27082933876007126, "Recovered": 64903491},{"Confirmed": 115286720, "Date": "2021-03-03", "Deaths": 2639708, "Increase rate": 0.3839296055015267, "Recovered": 65132899},{"Confirmed": 115740314, "Date": "2021-03-04", "Deaths": 2649979, "Increase rate": 0.39344861229463374, "Recovered": 65383179},{"Confirmed": 116187728, "Date": "2021-03-05", "Deaths": 2660673, "Increase rate": 0.3865671212884389, "Recovered": 65609539},{"Confirmed": 116598995, "Date": "2021-03-06", "Deaths": 2668768, "Increase rate": 0.35396767548462604, "Recovered": 65846042},{"Confirmed": 116968322, "Date": "2021-03-07", "Deaths": 2674683, "Increase rate": 0.3167497284174705, "Recovered": 66084362},{"Confirmed": 117266723, "Date": "2021-03-08", "Deaths": 2681831, "Increase rate": 0.25511266204195016, "Recovered": 66358920},{"Confirmed": 117679869, "Date": "2021-03-09", "Deaths": 2692475, "Increase rate": 0.35231307691611713, "Recovered": 66621153},{"Confirmed": 118147113, "Date": "2021-03-10", "Deaths": 2702609, "Increase rate": 0.3970466690441336, "Recovered": 66856509},{"Confirmed": 118624202, "Date": "2021-03-11", "Deaths": 2712810, "Increase rate": 0.40380927462865723, "Recovered": 67129126},{"Confirmed": 119113611, "Date": "2021-03-12", "Deaths": 2722911, "Increase rate": 0.4125709524267232, "Recovered": 67397682},{"Confirmed": 119568259, "Date": "2021-03-13", "Deaths": 2731379, "Increase rate": 0.3816927353499509, "Recovered": 67650214},{"Confirmed": 119929056, "Date": "2021-03-14", "Deaths": 2737343, "Increase rate": 0.30174981472298595, "Recovered": 67895902},{"Confirmed": 120276523, "Date": "2021-03-15", "Deaths": 2744788, "Increase rate": 0.28972712000668127, "Recovered": 68185781},{"Confirmed": 120750059, "Date": "2021-03-16", "Deaths": 2755340, "Increase rate": 0.39370609341608587, "Recovered": 68452266},{"Confirmed": 121289512, "Date": "2021-03-17", "Deaths": 2765793, "Increase rate": 0.44675174858506694, "Recovered": 68716802},{"Confirmed": 121843097, "Date": "2021-03-18", "Deaths": 2776650, "Increase rate": 0.4564162151134717, "Recovered": 68985878},{"Confirmed": 122405095, "Date": "2021-03-19", "Deaths": 2787709, "Increase rate": 0.46124730398144753, "Recovered": 69264939},{"Confirmed": 122905114, "Date": "2021-03-20", "Deaths": 2796413, "Increase rate": 0.40849525095340194, "Recovered": 69523150},{"Confirmed": 123329441, "Date": "2021-03-21", "Deaths": 2804623, "Increase rate": 0.34524763550522397, "Recovered": 69803249},{"Confirmed": 123744867, "Date": "2021-03-22", "Deaths": 2812640, "Increase rate": 0.33684252245982366, "Recovered": 70137878},{"Confirmed": 124259027, "Date": "2021-03-23", "Deaths": 2824137, "Increase rate": 0.4155000627217935, "Recovered": 70451020},{"Confirmed": 124892614, "Date": "2021-03-24", "Deaths": 2834539, "Increase rate": 0.5098921304123845, "Recovered": 70786662},{"Confirmed": 125544508, "Date": "2021-03-25", "Deaths": 2846221, "Increase rate": 0.5219636126760867, "Recovered": 71098479},{"Confirmed": 126185977, "Date": "2021-03-26", "Deaths": 2859095, "Increase rate": 0.5109494714018076, "Recovered": 71463065},{"Confirmed": 126771724, "Date": "2021-03-27", "Deaths": 2869243, "Increase rate": 0.4641934182591461, "Recovered": 71768318},{"Confirmed": 127242224, "Date": "2021-03-28", "Deaths": 2876602, "Increase rate": 0.37113954528219556, "Recovered": 72097106},{"Confirmed": 127699555, "Date": "2021-03-29", "Deaths": 2885064, "Increase rate": 0.35941764111259167, "Recovered": 72401542},{"Confirmed": 128267968, "Date": "2021-03-30", "Deaths": 2897154, "Increase rate": 0.44511744774678347, "Recovered": 72736785},{"Confirmed": 128951336, "Date": "2021-03-31", "Deaths": 2909956, "Increase rate": 0.5327659045787644, "Recovered": 73119294},{"Confirmed": 129663298, "Date": "2021-04-01", "Deaths": 2922369, "Increase rate": 0.5521168078475744, "Recovered": 73464080},{"Confirmed": 130298011, "Date": "2021-04-02", "Deaths": 2933069, "Increase rate": 0.4895086040461504, "Recovered": 73784287},{"Confirmed": 130828241, "Date": "2021-04-03", "Deaths": 2942396, "Increase rate": 0.4069363729581413, "Recovered": 74150288},{"Confirmed": 131382277, "Date": "2021-04-04", "Deaths": 2949717, "Increase rate": 0.4234834893178759, "Recovered": 74498476},{"Confirmed": 131869014, "Date": "2021-04-05", "Deaths": 2957418, "Increase rate": 0.37047386536008964, "Recovered": 74846289},{"Confirmed": 132473537, "Date": "2021-04-06", "Deaths": 2970021, "Increase rate": 0.4584268750200862, "Recovered": 75216285},{"Confirmed": 133158161, "Date": "2021-04-07", "Deaths": 2985747, "Increase rate": 0.5168005742913017, "Recovered": 75699590},{"Confirmed": 133998183, "Date": "2021-04-08", "Deaths": 3000165, "Increase rate": 0.6308452998235684, "Recovered": 76094849},{"Confirmed": 134747953, "Date": "2021-04-09", "Deaths": 3014383, "Increase rate": 0.5595374379069006, "Recovered": 76548562},{"Confirmed": 135414484, "Date": "2021-04-10", "Deaths": 3027438, "Increase rate": 0.4946501858918777, "Recovered": 76933556},{"Confirmed": 136104948, "Date": "2021-04-11", "Deaths": 3036463, "Increase rate": 0.5098893261669114, "Recovered": 77464028},{"Confirmed": 136719424, "Date": "2021-04-12", "Deaths": 3046328, "Increase rate": 0.4514721977631555, "Recovered": 77858760},{"Confirmed": 137499042, "Date": "2021-04-13", "Deaths": 3060156, "Increase rate": 0.5702320688536546, "Recovered": 78345222},{"Confirmed": 138316278, "Date": "2021-04-14", "Deaths": 3074241, "Increase rate": 0.5943575955969206, "Recovered": 78792112},{"Confirmed": 139132806, "Date": "2021-04-15", "Deaths": 3087910, "Increase rate": 0.5903339880212797, "Recovered": 79236514},{"Confirmed": 139990132, "Date": "2021-04-16", "Deaths": 3101226, "Increase rate": 0.6161925606531647, "Recovered": 79740631},{"Confirmed": 140776609, "Date": "2021-04-17", "Deaths": 3113726, "Increase rate": 0.5618088852148522, "Recovered": 80259167},{"Confirmed": 141462393, "Date": "2021-04-18", "Deaths": 3122976, "Increase rate": 0.4871434287780011, "Recovered": 80839358},{"Confirmed": 142155140, "Date": "2021-04-19", "Deaths": 3133865, "Increase rate": 0.48970400210888554, "Recovered": 81374733},{"Confirmed": 143009142, "Date": "2021-04-20", "Deaths": 3148184, "Increase rate": 0.6007535147867323, "Recovered": 81979570},{"Confirmed": 143900035, "Date": "2021-04-21", "Deaths": 3163099, "Increase rate": 0.6229622718804928, "Recovered": 82491870},{"Confirmed": 144798713, "Date": "2021-04-22", "Deaths": 3177001, "Increase rate": 0.6245154839607927, "Recovered": 83128166},{"Confirmed": 145702976, "Date": "2021-04-23", "Deaths": 3192191, "Increase rate": 0.6244965727008913, "Recovered": 83767998},{"Confirmed": 146524283, "Date": "2021-04-24", "Deaths": 3205454, "Increase rate": 0.5636858096844913, "Recovered": 84344289},{"Confirmed": 147247393, "Date": "2021-04-25", "Deaths": 3216099, "Increase rate": 0.49350864252309634, "Recovered": 84878103},{"Confirmed": 147929099, "Date": "2021-04-26", "Deaths": 3227735, "Increase rate": 0.46296643092350026, "Recovered": 85565469},{"Confirmed": 148773631, "Date": "2021-04-27", "Deaths": 3242706, "Increase rate": 0.5709032270925952, "Recovered": 86246373},{"Confirmed": 149679665, "Date": "2021-04-28", "Deaths": 3258724, "Increase rate": 0.6090017390245722, "Recovered": 86843038},{"Confirmed": 150577638, "Date": "2021-04-29", "Deaths": 3274479, "Increase rate": 0.5999298568713392, "Recovered": 87550354},{"Confirmed": 151456869, "Date": "2021-04-30", "Deaths": 3288493, "Increase rate": 0.5839054269133906, "Recovered": 88236950},{"Confirmed": 152254430, "Date": "2021-05-01", "Deaths": 3301780, "Increase rate": 0.5265928216170902, "Recovered": 88919400},{"Confirmed": 152929101, "Date": "2021-05-02", "Deaths": 3312021, "Increase rate": 0.4431207683086791, "Recovered": 89612414},{"Confirmed": 153609374, "Date": "2021-05-03", "Deaths": 3323779, "Increase rate": 0.44482900608956044, "Recovered": 90255903},{"Confirmed": 154416367, "Date": "2021-05-04", "Deaths": 3337822, "Increase rate": 0.5253540060647601, "Recovered": 90912803},{"Confirmed": 155258417, "Date": "2021-05-05", "Deaths": 3352708, "Increase rate": 0.5453113658605891, "Recovered": 91626285},{"Confirmed": 156129248, "Date": "2021-05-06", "Deaths": 3367345, "Increase rate": 0.5608913299689253, "Recovered": 92301897},{"Confirmed": 156961702, "Date": "2021-05-07", "Deaths": 3381743, "Increase rate": 0.5331826103460128, "Recovered": 92998026},{"Confirmed": 157748281, "Date": "2021-05-08", "Deaths": 3395054, "Increase rate": 0.5011279757911902, "Recovered": 93709031},{"Confirmed": 158390277, "Date": "2021-05-09", "Deaths": 3405521, "Increase rate": 0.40697495778099796, "Recovered": 94371824},{"Confirmed": 159009531, "Date": "2021-05-10", "Deaths": 3416610, "Increase rate": 0.3909671803907509, "Recovered": 95000510},{"Confirmed": 159748310, "Date": "2021-05-11", "Deaths": 3430842, "Increase rate": 0.4646130300201942, "Recovered": 95751514},{"Confirmed": 160508737, "Date": "2021-05-12", "Deaths": 3444687, "Increase rate": 0.47601567741154827, "Recovered": 96399063},{"Confirmed": 161234175, "Date": "2021-05-13", "Deaths": 3458379, "Increase rate": 0.4519616897863946, "Recovered": 97089180},{"Confirmed": 161951671, "Date": "2021-05-14", "Deaths": 3471438, "Increase rate": 0.44500243202162326, "Recovered": 97754527},{"Confirmed": 162580273, "Date": "2021-05-15", "Deaths": 3483661, "Increase rate": 0.388141719142867, "Recovered": 98397064},{"Confirmed": 163129358, "Date": "2021-05-16", "Deaths": 3493918, "Increase rate": 0.3377316262717802, "Recovered": 99064468},{"Confirmed": 163668660, "Date": "2021-05-17", "Deaths": 3505075, "Increase rate": 0.33059775788488055, "Recovered": 99808930},{"Confirmed": 164290991, "Date": "2021-05-18", "Deaths": 3519276, "Increase rate": 0.3802383425146879, "Recovered": 100552043},{"Confirmed": 164962990, "Date": "2021-05-19", "Deaths": 3532844, "Increase rate": 0.40902973188590724, "Recovered": 101250070},{"Confirmed": 165242862, "Date": "2021-05-20", "Deaths": 3545902, "Increase rate": 0.16965744861923274, "Recovered": 101886759},{"Confirmed": 165869004, "Date": "2021-05-21", "Deaths": 3558913, "Increase rate": 0.37892226775883364, "Recovered": 102501547},{"Confirmed": 166447967, "Date": "2021-05-22", "Deaths": 3570453, "Increase rate": 0.3490483369635475, "Recovered": 103118308},{"Confirmed": 166924887, "Date": "2021-05-23", "Deaths": 3580213, "Increase rate": 0.2865279814441951, "Recovered": 103620279},{"Confirmed": 167377797, "Date": "2021-05-24", "Deaths": 3589270, "Increase rate": 0.27132562923346476, "Recovered": 104247871},{"Confirmed": 167909942, "Date": "2021-05-25", "Deaths": 3602480, "Increase rate": 0.3179304600358672, "Recovered": 104824934},{"Confirmed": 168479185, "Date": "2021-05-26", "Deaths": 3615220, "Increase rate": 0.33901685226000494, "Recovered": 105380747},{"Confirmed": 169033603, "Date": "2021-05-27", "Deaths": 3628233, "Increase rate": 0.3290721046638491, "Recovered": 106078105},{"Confirmed": 169533854, "Date": "2021-05-28", "Deaths": 3640197, "Increase rate": 0.29594766432328845, "Recovered": 106633068},{"Confirmed": 170015706, "Date": "2021-05-29", "Deaths": 3650960, "Increase rate": 0.28422169887083437, "Recovered": 107140668},{"Confirmed": 170407505, "Date": "2021-05-30", "Deaths": 3659264, "Increase rate": 0.23044870925042654, "Recovered": 107630597},{"Confirmed": 170786120, "Date": "2021-05-31", "Deaths": 3667952, "Increase rate": 0.222182115746604, "Recovered": 108159766},{"Confirmed": 171249232, "Date": "2021-06-01", "Deaths": 3683283, "Increase rate": 0.2711648932594757, "Recovered": 108743649},{"Confirmed": 171735062, "Date": "2021-06-02", "Deaths": 3695186, "Increase rate": 0.28369762265561577, "Recovered": 109272023},{"Confirmed": 172224471, "Date": "2021-06-03", "Deaths": 3705024, "Increase rate": 0.28497908016011314, "Recovered": 109701213},{"Confirmed": 172643866, "Date": "2021-06-04", "Deaths": 3715984, "Increase rate": 0.24351649772232425, "Recovered": 110226715},{"Confirmed": 173042703, "Date": "2021-06-05", "Deaths": 3725168, "Increase rate": 0.23101718540060961, "Recovered": 110704845},{"Confirmed": 173365844, "Date": "2021-06-06", "Deaths": 3732401, "Increase rate": 0.1867406104954336, "Recovered": 111146371},{"Confirmed": 173686530, "Date": "2021-06-07", "Deaths": 3740454, "Increase rate": 0.18497645937685395, "Recovered": 111568368},{"Confirmed": 174053342, "Date": "2021-06-08", "Deaths": 3750834, "Increase rate": 0.2111919675060582, "Recovered": 111983104},{"Confirmed": 174473126, "Date": "2021-06-09", "Deaths": 3761303, "Increase rate": 0.24118123511813983, "Recovered": 112435799},{"Confirmed": 174922831, "Date": "2021-06-10", "Deaths": 3777313, "Increase rate": 0.257750296741975, "Recovered": 112849488},{"Confirmed": 175343659, "Date": "2021-06-11", "Deaths": 3789234, "Increase rate": 0.2405792300491638, "Recovered": 113225020},{"Confirmed": 175716302, "Date": "2021-06-12", "Deaths": 3799018, "Increase rate": 0.21252151467878286, "Recovered": 113563994},{"Confirmed": 176019849, "Date": "2021-06-13", "Deaths": 3808295, "Increase rate": 0.17274834295112812, "Recovered": 113993655},{"Confirmed": 176327422, "Date": "2021-06-14", "Deaths": 3816157, "Increase rate": 0.1747376797261086, "Recovered": 114340429},{"Confirmed": 176698639, "Date": "2021-06-15", "Deaths": 3826731, "Increase rate": 0.21052709543952838, "Recovered": 114800574},{"Confirmed": 177097297, "Date": "2021-06-16", "Deaths": 3837057, "Increase rate": 0.22561464098203948, "Recovered": 115149801},{"Confirmed": 177489790, "Date": "2021-06-17", "Deaths": 3846325, "Increase rate": 0.22162562989315415, "Recovered": 115530279},{"Confirmed": 177896496, "Date": "2021-06-18", "Deaths": 3855540, "Increase rate": 0.22914332142710855, "Recovered": 115849842},{"Confirmed": 178245852, "Date": "2021-06-19", "Deaths": 3863714, "Increase rate": 0.1963816083257761, "Recovered": 116181692},{"Confirmed": 178548159, "Date": "2021-06-20", "Deaths": 3870459, "Increase rate": 0.16960114168603485, "Recovered": 116446786},{"Confirmed": 178841964, "Date": "2021-06-21", "Deaths": 3877323, "Increase rate": 0.16455224273693017, "Recovered": 116804004},{"Confirmed": 179213662, "Date": "2021-06-22", "Deaths": 3886298, "Increase rate": 0.20783600877923705, "Recovered": 117107408},{"Confirmed": 179651317, "Date": "2021-06-23", "Deaths": 3895813, "Increase rate": 0.2442085023629504, "Recovered": 117507151},{"Confirmed": 180056321, "Date": "2021-06-24", "Deaths": 3904435, "Increase rate": 0.22543892622841166, "Recovered": 117796862},{"Confirmed": 180478174, "Date": "2021-06-25", "Deaths": 3913641, "Increase rate": 0.2342894699042529, "Recovered": 118125509},{"Confirmed": 180844163, "Date": "2021-06-26", "Deaths": 3921186, "Increase rate": 0.20278851003889256, "Recovered": 118420068},{"Confirmed": 181155539, "Date": "2021-06-27", "Deaths": 3927289, "Increase rate": 0.17217918169689556, "Recovered": 118678807},{"Confirmed": 181484011, "Date": "2021-06-28", "Deaths": 3933785, "Increase rate": 0.18132042873941603, "Recovered": 119006263},{"Confirmed": 181863581, "Date": "2021-06-29", "Deaths": 3941894, "Increase rate": 0.20914790118893725, "Recovered": 119299679},{"Confirmed": 182260584, "Date": "2021-06-30", "Deaths": 3951072, "Increase rate": 0.21829714218593332, "Recovered": 119580620},{"Confirmed": 182701231, "Date": "2021-07-01", "Deaths": 3959763, "Increase rate": 0.24176757822744602, "Recovered": 120008476},{"Confirmed": 183142589, "Date": "2021-07-02", "Deaths": 3968082, "Increase rate": 0.24157363230902368, "Recovered": 120299518},{"Confirmed": 183519248, "Date": "2021-07-03", "Deaths": 3974986, "Increase rate": 0.20566434167860323, "Recovered": 120569293},{"Confirmed": 183847685, "Date": "2021-07-04", "Deaths": 3981657, "Increase rate": 0.17896596873587886, "Recovered": 120868181},{"Confirmed": 184217262, "Date": "2021-07-05", "Deaths": 3988871, "Increase rate": 0.20102347222919884, "Recovered": 121235174},{"Confirmed": 184670382, "Date": "2021-07-06", "Deaths": 3997444, "Increase rate": 0.24597043462734777, "Recovered": 121563017},{"Confirmed": 185134260, "Date": "2021-07-07", "Deaths": 4006000, "Increase rate": 0.25119241915035406, "Recovered": 121831180},{"Confirmed": 185614719, "Date": "2021-07-08", "Deaths": 4014854, "Increase rate": 0.25951922674927913, "Recovered": 122123831},{"Confirmed": 186122260, "Date": "2021-07-09", "Deaths": 4023297, "Increase rate": 0.27343790553592895, "Recovered": 122462949},{"Confirmed": 186549257, "Date": "2021-07-10", "Deaths": 4029977, "Increase rate": 0.22941748074625784, "Recovered": 122907153},{"Confirmed": 186919306, "Date": "2021-07-11", "Deaths": 4037527, "Increase rate": 0.19836530359378488, "Recovered": 123197639},{"Confirmed": 187356013, "Date": "2021-07-12", "Deaths": 4045592, "Increase rate": 0.23363397251218126, "Recovered": 123499875},{"Confirmed": 187876092, "Date": "2021-07-13", "Deaths": 4053926, "Increase rate": 0.27758863549257956, "Recovered": 123783322},{"Confirmed": 188417178, "Date": "2021-07-14", "Deaths": 4062569, "Increase rate": 0.28800151963986986, "Recovered": 124113063},{"Confirmed": 188989407, "Date": "2021-07-15", "Deaths": 4071065, "Increase rate": 0.30370320056486566, "Recovered": 124394119},{"Confirmed": 189587868, "Date": "2021-07-16", "Deaths": 4079831, "Increase rate": 0.3166637799969392, "Recovered": 124784824},{"Confirmed": 190061656, "Date": "2021-07-17", "Deaths": 4086922, "Increase rate": 0.24990417635795134, "Recovered": 125065613},{"Confirmed": 190491864, "Date": "2021-07-18", "Deaths": 4093986, "Increase rate": 0.22635181080396355, "Recovered": 125382096},{"Confirmed": 190987587, "Date": "2021-07-19", "Deaths": 4101064, "Increase rate": 0.2602331614540766, "Recovered": 125688817},{"Confirmed": 191518721, "Date": "2021-07-20", "Deaths": 4121821, "Increase rate": 0.27809870177583845, "Recovered": 126008997},{"Confirmed": 192077320, "Date": "2021-07-21", "Deaths": 4130514, "Increase rate": 0.29166809233234176, "Recovered": 126315580},{"Confirmed": 192641772, "Date": "2021-07-22", "Deaths": 4139314, "Increase rate": 0.2938670739470959, "Recovered": 126671708},{"Confirmed": 193332440, "Date": "2021-07-23", "Deaths": 4147064, "Increase rate": 0.35852452603062646, "Recovered": 126918098},{"Confirmed": 193804293, "Date": "2021-07-24", "Deaths": 4156317, "Increase rate": 0.2440630242912157, "Recovered": 127435324},{"Confirmed": 194248029, "Date": "2021-07-25", "Deaths": 4163594, "Increase rate": 0.22896087239925073, "Recovered": 127762741},{"Confirmed": 194788932, "Date": "2021-07-26", "Deaths": 4171389, "Increase rate": 0.27845996831195646, "Recovered": 128063201},{"Confirmed": 195398803, "Date": "2021-07-27", "Deaths": 4181261, "Increase rate": 0.31309325110935976, "Recovered": 128409040},{"Confirmed": 196042768, "Date": "2021-07-28", "Deaths": 4191502, "Increase rate": 0.329564454906103, "Recovered": 128745703},{"Confirmed": 196695674, "Date": "2021-07-29", "Deaths": 4202335, "Increase rate": 0.3330426348601648, "Recovered": 129094091},{"Confirmed": 197426769, "Date": "2021-07-30", "Deaths": 4211996, "Increase rate": 0.371688398190191, "Recovered": 129401282},{"Confirmed": 197935834, "Date": "2021-07-31", "Deaths": 4220757, "Increase rate": 0.25785003856290634, "Recovered": 129705211},{"Confirmed": 198415737, "Date": "2021-08-01", "Deaths": 4228028, "Increase rate": 0.24245382470765753, "Recovered": 129994389},{"Confirmed": 198994436, "Date": "2021-08-02", "Deaths": 4236046, "Increase rate": 0.29165982938137613, "Recovered": 130277533},{"Confirmed": 199631416, "Date": "2021-08-03", "Deaths": 4246398, "Increase rate": 0.3200994021762498, "Recovered": 130582001},{"Confirmed": 200306760, "Date": "2021-08-04", "Deaths": 4256986, "Increase rate": 0.33829545145339246, "Recovered": 130899061},{"Confirmed": 200995416, "Date": "2021-08-05", "Deaths": 4267976, "Increase rate": 0.34380067851928714, "Recovered": 0},{"Confirmed": 201816553, "Date": "2021-08-06", "Deaths": 4278557, "Increase rate": 0.4085351876880615, "Recovered": 0},{"Confirmed": 202366482, "Date": "2021-08-07", "Deaths": 4287161, "Increase rate": 0.27248954152933136, "Recovered": 0},{"Confirmed": 202806348, "Date": "2021-08-08", "Deaths": 4294627, "Increase rate": 0.21736109441285834, "Recovered": 0},{"Confirmed": 203462436, "Date": "2021-08-09", "Deaths": 4303268, "Increase rate": 0.3235046666290741, "Recovered": 0},{"Confirmed": 204110789, "Date": "2021-08-10", "Deaths": 4315240, "Increase rate": 0.3186598041124407, "Recovered": 0},{"Confirmed": 204838738, "Date": "2021-08-11", "Deaths": 4325233, "Increase rate": 0.3566440576543947, "Recovered": 0},{"Confirmed": 205549117, "Date": "2021-08-12", "Deaths": 4335895, "Increase rate": 0.3467991488992673, "Recovered": 0},{"Confirmed": 206354642, "Date": "2021-08-13", "Deaths": 4346388, "Increase rate": 0.39188930205912786, "Recovered": 0},{"Confirmed": 206887833, "Date": "2021-08-14", "Deaths": 4355075, "Increase rate": 0.2583857551408996, "Recovered": 0},{"Confirmed": 207351266, "Date": "2021-08-15", "Deaths": 4362324, "Increase rate": 0.22400205622531705, "Recovered": 0},{"Confirmed": 208030616, "Date": "2021-08-16", "Deaths": 4372158, "Increase rate": 0.32763243413232884, "Recovered": 0},{"Confirmed": 208712751, "Date": "2021-08-17", "Deaths": 4382896, "Increase rate": 0.3279012546883964, "Recovered": 0},{"Confirmed": 209440893, "Date": "2021-08-18", "Deaths": 4393738, "Increase rate": 0.3488727911980806, "Recovered": 0},{"Confirmed": 210156065, "Date": "2021-08-19", "Deaths": 4405198, "Increase rate": 0.34146722244924727, "Recovered": 0},{"Confirmed": 210945893, "Date": "2021-08-20", "Deaths": 4415680, "Increase rate": 0.37582926764450025, "Recovered": 0},{"Confirmed": 211485172, "Date": "2021-08-21", "Deaths": 4424595, "Increase rate": 0.2556480206040323, "Recovered": 0},{"Confirmed": 211931141, "Date": "2021-08-22", "Deaths": 4432258, "Increase rate": 0.21087483145154026, "Recovered": 0},{"Confirmed": 212636357, "Date": "2021-08-23", "Deaths": 4442300, "Increase rate": 0.3327571383197526, "Recovered": 0},{"Confirmed": 213322762, "Date": "2021-08-24", "Deaths": 4453376, "Increase rate": 0.3228069788648608, "Recovered": 0},{"Confirmed": 214053153, "Date": "2021-08-25", "Deaths": 4464738, "Increase rate": 0.3423877476328569, "Recovered": 0},{"Confirmed": 214788717, "Date": "2021-08-26", "Deaths": 4476401, "Increase rate": 0.3436361434956298, "Recovered": 0},{"Confirmed": 215533601, "Date": "2021-08-27", "Deaths": 4486652, "Increase rate": 0.34679847731480234, "Recovered": 0},{"Confirmed": 216080053, "Date": "2021-08-28", "Deaths": 4495095, "Increase rate": 0.2535344825422371, "Recovered": 0},{"Confirmed": 216526448, "Date": "2021-08-29", "Deaths": 4501851, "Increase rate": 0.2065877871660833, "Recovered": 0},{"Confirmed": 217213683, "Date": "2021-08-30", "Deaths": 4511374, "Increase rate": 0.31739078821447253, "Recovered": 0},{"Confirmed": 217832275, "Date": "2021-08-31", "Deaths": 4520427, "Increase rate": 0.2847850059243275, "Recovered": 0},{"Confirmed": 218559166, "Date": "2021-09-01", "Deaths": 4532922, "Increase rate": 0.333692975478496, "Recovered": 0},{"Confirmed": 219236946, "Date": "2021-09-02", "Deaths": 4544145, "Increase rate": 0.31011282317942224, "Recovered": 0},{"Confirmed": 219954091, "Date": "2021-09-03", "Deaths": 4554810, "Increase rate": 0.3271095557041741, "Recovered": 0},{"Confirmed": 220442990, "Date": "2021-09-04", "Deaths": 4562569, "Increase rate": 0.22227320154731742, "Recovered": 0},{"Confirmed": 220869838, "Date": "2021-09-05", "Deaths": 4569071, "Increase rate": 0.19363192270255453, "Recovered": 0},{"Confirmed": 221307511, "Date": "2021-09-06", "Deaths": 4577012, "Increase rate": 0.19815879069916284, "Recovered": 0},{"Confirmed": 222044446, "Date": "2021-09-07", "Deaths": 4587494, "Increase rate": 0.3329914094058922, "Recovered": 0},{"Confirmed": 222675101, "Date": "2021-09-08", "Deaths": 4597504, "Increase rate": 0.2840219655843137, "Recovered": 0},{"Confirmed": 223312221, "Date": "2021-09-09", "Deaths": 4608249, "Increase rate": 0.28612089862709883, "Recovered": 0},{"Confirmed": 223945457, "Date": "2021-09-10", "Deaths": 4617360, "Increase rate": 0.2835653136959307, "Recovered": 0},{"Confirmed": 224396922, "Date": "2021-09-11", "Deaths": 4625672, "Increase rate": 0.2015959627169396, "Recovered": 0},{"Confirmed": 224761080, "Date": "2021-09-12", "Deaths": 4631182, "Increase rate": 0.16228297463010655, "Recovered": 0},{"Confirmed": 225370947, "Date": "2021-09-13", "Deaths": 4640233, "Increase rate": 0.2713401270362289, "Recovered": 0},{"Confirmed": 225920668, "Date": "2021-09-14", "Deaths": 4650031, "Increase rate": 0.24391830771337175, "Recovered": 0},{"Confirmed": 226488898, "Date": "2021-09-15", "Deaths": 4660408, "Increase rate": 0.2515174928572715, "Recovered": 0},{"Confirmed": 227063460, "Date": "2021-09-16", "Deaths": 4670853, "Increase rate": 0.2536821915218114, "Recovered": 0},{"Confirmed": 227656661, "Date": "2021-09-17", "Deaths": 4679471, "Increase rate": 0.2612489918016752, "Recovered": 0},{"Confirmed": 228189508, "Date": "2021-09-18", "Deaths": 4686176, "Increase rate": 0.23405728506226314, "Recovered": 0},{"Confirmed": 228546881, "Date": "2021-09-19", "Deaths": 4692196, "Increase rate": 0.15661237150307541, "Recovered": 0},{"Confirmed": 229088328, "Date": "2021-09-20", "Deaths": 4700354, "Increase rate": 0.23690850543700923, "Recovered": 0},{"Confirmed": 229556489, "Date": "2021-09-21", "Deaths": 4709325, "Increase rate": 0.2043582945002768, "Recovered": 0},{"Confirmed": 230093745, "Date": "2021-09-22", "Deaths": 4719402, "Increase rate": 0.23404086825879272, "Recovered": 0},{"Confirmed": 230604728, "Date": "2021-09-23", "Deaths": 4729076, "Increase rate": 0.2220760064555427, "Recovered": 0},{"Confirmed": 231152493, "Date": "2021-09-24", "Deaths": 4737904, "Increase rate": 0.23753415844969145, "Recovered": 0},{"Confirmed": 231515976, "Date": "2021-09-25", "Deaths": 4743196, "Increase rate": 0.15724814181433033, "Recovered": 0},{"Confirmed": 231846936, "Date": "2021-09-26", "Deaths": 4748335, "Increase rate": 0.14295341760777666, "Recovered": 0},{"Confirmed": 232316272, "Date": "2021-09-27", "Deaths": 4756251, "Increase rate": 0.20243355728453535, "Recovered": 0}]